,eleicao_gov_2t,id_municipio
0,0,5200050
1,0,5200100
2,0,5200134
3,0,5200159
4,0,5200175
5,0,5200209
6,0,5200258
7,0,5200308
8,0,5200506
9,0,5200555
10,0,5200605
11,0,5200803
12,0,5200829
13,0,5200852
14,0,5200902
15,0,5201108
16,0,5201207
17,0,5201306
18,0,5201405
19,0,5201454
20,0,5201504
21,0,5201603
22,0,5201702
23,0,5201801
24,0,5202155
25,0,5202353
26,0,5202502
27,0,5202601
28,0,5202809
29,0,5203104
30,0,5203203
31,0,5203302
32,0,5203401
33,0,5203500
34,0,5203559
35,0,5203575
36,0,5203609
37,0,5203807
38,0,5203906
39,0,5203939
40,0,5203962
41,0,5204003
42,0,5204102
43,0,5204201
44,0,5204250
45,0,5204300
46,0,5204409
47,0,5204508
48,0,5204557
49,0,5204607
50,0,5204656
51,0,5204706
52,0,5204805
53,0,5204854
54,0,5204904
55,0,5204953
56,0,5205000
57,0,5205059
58,0,5205109
59,0,5205208
60,0,5205307
61,0,5205406
62,0,5205455
63,0,5205471
64,0,5205497
65,0,5205513
66,0,5205521
67,0,5205703
68,0,5205802
69,0,5205901
70,0,5206206
71,0,5206305
72,0,5206404
73,0,5206503
74,0,5206602
75,0,5206701
76,0,5206800
77,0,5206909
78,0,5207105
79,0,5208301
80,0,5207253
81,0,5207352
82,0,5207402
83,0,5207501
84,0,5207535
85,0,5207600
86,0,5207808
87,0,5207907
88,0,5208004
89,0,5208103
90,0,5208152
91,0,5208400
92,0,5208509
93,0,5208608
94,0,5208707
95,0,5208806
96,0,5208905
97,0,5209101
98,0,5209150
99,0,5209200
100,0,5209291
101,0,5209408
102,0,5209457
103,0,5209606
104,0,5209705
105,0,5209804
106,0,5209903
107,0,5209937
108,0,5209952
109,0,5210000
110,0,5210109
111,0,5210158
112,0,5210208
113,0,5210307
114,0,5210406
115,0,5210562
116,0,5210604
117,0,5210802
118,0,5210901
119,0,5211008
120,0,5211206
121,0,5211305
122,0,5211404
123,0,5211503
124,0,5211602
125,0,5211701
126,0,5211800
127,0,5211909
128,0,5212006
129,0,5212055
130,0,5212105
131,0,5212204
132,0,5212253
133,0,5212303
134,0,5212501
135,0,5212600
136,0,5212709
137,0,5212808
138,0,5212907
139,0,5212956
140,0,5213004
141,0,5213053
142,0,5213087
143,0,5213103
144,0,5213400
145,0,5213509
146,0,5213707
147,0,5213756
148,0,5213772
149,0,5213806
150,0,5213855
151,0,5213905
152,0,5214002
153,0,5214051
154,0,5214101
155,0,5214408
156,0,5214507
157,0,5214606
158,0,5214705
159,0,5214804
160,0,5214838
161,0,5214861
162,0,5214879
163,0,5214903
164,0,5215009
165,0,5215207
166,0,5215231
167,0,5215256
168,0,5215306
169,0,5215405
170,0,5215504
171,0,5215603
172,0,5215652
173,0,5215702
174,0,5215801
175,0,5215900
176,0,5216007
177,0,5216304
178,0,5216403
179,0,5216452
180,0,5216809
181,0,5216908
182,0,5217104
183,0,5217203
184,0,5217302
185,0,5217401
186,0,5217609
187,0,5217708
188,0,5218003
189,0,5218052
190,0,5218102
191,0,5218300
192,0,5218391
193,0,5218508
194,0,5218607
195,0,5218706
196,0,5218789
197,0,5218805
198,0,5218904
199,0,5219001
200,0,5219100
201,0,5219209
202,0,5219258
203,0,5219308
204,0,5219357
205,0,5219407
206,0,5219456
207,0,5219506
208,0,5219605
209,0,5219704
210,0,5219712
211,0,5219738
212,0,5219753
213,0,5219803
214,0,5219902
215,0,5220009
216,0,5220058
217,0,5220108
218,0,5220157
219,0,5220207
220,0,5220264
221,0,5220280
222,0,5220405
223,0,5220454
224,0,5220504
225,0,5220603
226,0,5220686
227,0,5220702
228,0,5221007
229,0,5221080
230,0,5221197
231,0,5221304
232,0,5221403
233,0,5221452
234,0,5221502
235,0,5221551
236,0,5221577
237,0,5221601
238,0,5221700
239,0,5221809
240,0,5221858
241,0,5221908
242,0,5222005
243,0,5222054
244,0,5222203
245,0,5222302
246,0,3100104
247,0,3100203
248,0,3100302
249,0,3100401
250,0,3100500
251,0,3100609
252,0,3100708
253,0,3100807
254,0,3100906
255,0,3101003
256,0,3101102
257,0,3101201
258,0,3101300
259,0,3101409
260,0,3101508
261,0,3101607
262,0,3101631
263,0,3101706
264,0,3101805
265,0,3101904
266,0,3102001
267,0,3102050
268,0,3153509
269,0,3102100
270,0,3102209
271,0,3102308
272,0,3102407
273,0,3102506
274,0,3102605
275,0,3102803
276,0,3102852
277,0,3102902
278,0,3103009
279,0,3103108
280,0,3103207
281,0,3103306
282,0,3103405
283,0,3103504
284,0,3103603
285,0,3103702
286,0,3103751
287,0,3103801
288,0,3103900
289,0,3104007
290,0,3104106
291,0,3104205
292,0,3104304
293,0,3104403
294,0,3104452
295,0,3104502
296,0,3104601
297,0,3104700
298,0,3104809
299,0,3104908
300,0,3105004
301,0,3105103
302,0,3105202
303,0,3105301
304,0,3105400
305,0,3105509
306,0,3105608
307,0,3105707
308,0,3105905
309,0,3106002
310,0,3106101
311,0,3106200
312,0,3106309
313,0,3106408
314,0,3106507
315,0,3106655
316,0,3106606
317,0,3106705
318,0,3106804
319,0,3106903
320,0,3107000
321,0,3107109
322,0,3107208
323,0,3107307
324,0,3107406
325,0,3107505
326,0,3107604
327,0,3107703
328,0,3107802
329,0,3107901
330,0,3108008
331,0,3108107
332,0,3108206
333,0,3108255
334,0,3108305
335,0,3108404
336,0,3108503
337,0,3108701
338,0,3108552
339,0,3108602
340,0,3108800
341,0,3108909
342,0,3109006
343,0,3109105
344,0,3109204
345,0,3109253
346,0,3109303
347,0,3109402
348,0,3109451
349,0,3109501
350,0,3109600
351,0,3109709
352,0,3102704
353,0,3109808
354,0,3109907
355,0,3110004
356,0,3110103
357,0,3110202
358,0,3110301
359,0,3110400
360,0,3110509
361,0,3110608
362,0,3110707
363,0,3110806
364,0,3110905
365,0,3111002
366,0,3111101
367,0,3111150
368,0,3111200
369,0,3111309
370,0,3111408
371,0,3111507
372,0,3111606
373,0,3111903
374,0,3111705
375,0,3111804
376,0,3112000
377,0,3112059
378,0,3112109
379,0,3112208
380,0,3112307
381,0,3112406
382,0,3112505
383,0,3112604
384,0,3112653
385,0,3112703
386,0,3112802
387,0,3112901
388,0,3113008
389,0,3113107
390,0,3113206
391,0,3113305
392,0,3113404
393,0,3113503
394,0,3113602
395,0,3113701
396,0,3113800
397,0,3113909
398,0,3114006
399,0,3114105
400,0,3114204
401,0,3114303
402,0,3114402
403,0,3114501
404,0,3114550
405,0,3114600
406,0,3114709
407,0,3114808
408,0,3114907
409,0,3115003
410,0,3115102
411,0,3115300
412,0,3115359
413,0,3115409
414,0,3115458
415,0,3115474
416,0,3115508
417,0,3115607
418,0,3115706
419,0,3115805
420,0,3115904
421,0,3116001
422,0,3116100
423,0,3116159
424,0,3116209
425,0,3116308
426,0,3116407
427,0,3116506
428,0,3116605
429,0,3116704
430,0,3116803
431,0,3116902
432,0,3117009
433,0,3117108
434,0,3115201
435,0,3117306
436,0,3117207
437,0,3117405
438,0,3117504
439,0,3117603
440,0,3117702
441,0,3117801
442,0,3117836
443,0,3117876
444,0,3117900
445,0,3118007
446,0,3118106
447,0,3118205
448,0,3118304
449,0,3118403
450,0,3118502
451,0,3118601
452,0,3118700
453,0,3118809
454,0,3118908
455,0,3119005
456,0,3119104
457,0,3119203
458,0,3119302
459,0,3119401
460,0,3119500
461,0,3119609
462,0,3119708
463,0,3119807
464,0,3119906
465,0,3119955
466,0,3120003
467,0,3120102
468,0,3120151
469,0,3120201
470,0,3120300
471,0,3120409
472,0,3120508
473,0,3120607
474,0,3120706
475,0,3120805
476,0,3120839
477,0,3120870
478,0,3120904
479,0,3121001
480,0,3121100
481,0,3121209
482,0,3121258
483,0,3121308
484,0,3121407
485,0,3121506
486,0,3121605
487,0,3121704
488,0,3121803
489,0,3121902
490,0,3122009
491,0,3122108
492,0,3122207
493,0,3122306
494,0,3122355
495,0,3122405
496,0,3122454
497,0,3122470
498,0,3122504
499,0,3122603
500,0,3122702
501,0,3122801
502,0,3122900
503,0,3123007
504,0,3123106
505,0,3123205
506,0,3123304
507,0,3123403
508,0,3123502
509,0,3123528
510,0,3123601
511,0,3123700
512,0,3123809
513,0,3123858
514,0,3123908
515,0,3124005
516,0,3124104
517,0,3124203
518,0,3124302
519,0,3124401
520,0,3124500
521,0,3124609
522,0,3124708
523,0,3124807
524,0,3124906
525,0,3125002
526,0,3125101
527,0,3125200
528,0,3125309
529,0,3125408
530,0,3125606
531,0,3125705
532,0,3125804
533,0,3125903
534,0,3125952
535,0,3126000
536,0,3126109
537,0,3126208
538,0,3126307
539,0,3126406
540,0,3126505
541,0,3126604
542,0,3126703
543,0,3126752
544,0,3126802
545,0,3126901
546,0,3126950
547,0,3127008
548,0,3127057
549,0,3127073
550,0,3127107
551,0,3127206
552,0,3127305
553,0,3127339
554,0,3127354
555,0,3127370
556,0,3127388
557,0,3127404
558,0,3127503
559,0,3127602
560,0,3127701
561,0,3127800
562,0,3127909
563,0,3128006
564,0,3128105
565,0,3128204
566,0,3128253
567,0,3128303
568,0,3128402
569,0,3128501
570,0,3128600
571,0,3128709
572,0,3128808
573,0,3128907
574,0,3129004
575,0,3129103
576,0,3129202
577,0,3129301
578,0,3129400
579,0,3129509
580,0,3129608
581,0,3129657
582,0,3129707
583,0,3129806
584,0,3129905
585,0,3130002
586,0,3130051
587,0,3130101
588,0,3130200
589,0,3130309
590,0,3130408
591,0,3130507
592,0,3130556
593,0,3130606
594,0,3130655
595,0,3130705
596,0,3130804
597,0,3130903
598,0,3131000
599,0,3131109
600,0,3131158
601,0,3131208
602,0,3131307
603,0,3131406
604,0,3131505
605,0,3131604
606,0,3131703
607,0,3131802
608,0,3131901
609,0,3132008
610,0,3132107
611,0,3132206
612,0,3132305
613,0,3132404
614,0,3132503
615,0,3132602
616,0,3132701
617,0,3132800
618,0,3132909
619,0,3133006
620,0,3133105
621,0,3133204
622,0,3133303
623,0,3133402
624,0,3133501
625,0,3133600
626,0,3133709
627,0,3133758
628,0,3133808
629,0,3133907
630,0,3134004
631,0,3134103
632,0,3134202
633,0,3134301
634,0,3134400
635,0,3134509
636,0,3134608
637,0,3134707
638,0,3134806
639,0,3134905
640,0,3135001
641,0,3135050
642,0,3135076
643,0,3135100
644,0,3135209
645,0,3135308
646,0,3135357
647,0,3135407
648,0,3135456
649,0,3135506
650,0,3135605
651,0,3135704
652,0,3135803
653,0,3135902
654,0,3136009
655,0,3136108
656,0,3136207
657,0,3136306
658,0,3136405
659,0,3136504
660,0,3136520
661,0,3136553
662,0,3136579
663,0,3136652
664,0,3136702
665,0,3136801
666,0,3136900
667,0,3136959
668,0,3137007
669,0,3137106
670,0,3137205
671,0,3137304
672,0,3137403
673,0,3137502
674,0,3137536
675,0,3137601
676,0,3137700
677,0,3137809
678,0,3137908
679,0,3138005
680,0,3138104
681,0,3138203
682,0,3138302
683,0,3138351
684,0,3138401
685,0,3138500
686,0,3138609
687,0,3138625
688,0,3138658
689,0,3138674
690,0,3138682
691,0,3138708
692,0,3138807
693,0,3138906
694,0,3139003
695,0,3139102
696,0,3139201
697,0,3139250
698,0,3139300
699,0,3139409
700,0,3139508
701,0,3139607
702,0,3139805
703,0,3139706
704,0,3139904
705,0,3140001
706,0,3140100
707,0,3140159
708,0,3140209
709,0,3140308
710,0,3140407
711,0,3140506
712,0,3140530
713,0,3140555
714,0,3140605
715,0,3140704
716,0,3171501
717,0,3140803
718,0,3140852
719,0,3140902
720,0,3141009
721,0,3141108
722,0,3141207
723,0,3141306
724,0,3141405
725,0,3141504
726,0,3141603
727,0,3141702
728,0,3141801
729,0,3141900
730,0,3142007
731,0,3142106
732,0,3142205
733,0,3142254
734,0,3142304
735,0,3142403
736,0,3142502
737,0,3142601
738,0,3142700
739,0,3142809
740,0,3142908
741,0,3143005
742,0,3143104
743,0,3143153
744,0,3143203
745,0,3143401
746,0,3143302
747,0,3143450
748,0,3143500
749,0,3143609
750,0,3143708
751,0,3143807
752,0,3143906
753,0,3144003
754,0,3144102
755,0,3144201
756,0,3144300
757,0,3144359
758,0,3144375
759,0,3144409
760,0,3144508
761,0,3144607
762,0,3144656
763,0,3144672
764,0,3144706
765,0,3144805
766,0,3144904
767,0,3145000
768,0,3145059
769,0,3145109
770,0,3145208
771,0,3136603
772,0,3145307
773,0,3145356
774,0,3145372
775,0,3145406
776,0,3145455
777,0,3145505
778,0,3145604
779,0,3145703
780,0,3145802
781,0,3145851
782,0,3145877
783,0,3145901
784,0,3146008
785,0,3146107
786,0,3146206
787,0,3146255
788,0,3146305
789,0,3146552
790,0,3146404
791,0,3146503
792,0,3146602
793,0,3146701
794,0,3146750
795,0,3146909
796,0,3147105
797,0,3147006
798,0,3147204
799,0,3147303
800,0,3147402
801,0,3147600
802,0,3147709
803,0,3147808
804,0,3147501
805,0,3147907
806,0,3147956
807,0,3148004
808,0,3148103
809,0,3148202
810,0,3148301
811,0,3148400
812,0,3148509
813,0,3148608
814,0,3148707
815,0,3148756
816,0,3148806
817,0,3148905
818,0,3149002
819,0,3149101
820,0,3149150
821,0,3149200
822,0,3149309
823,0,3149408
824,0,3149507
825,0,3149606
826,0,3149705
827,0,3149804
828,0,3149903
829,0,3149952
830,0,3150000
831,0,3150109
832,0,3150158
833,0,3150208
834,0,3150307
835,0,3150406
836,0,3150505
837,0,3150539
838,0,3150570
839,0,3150604
840,0,3150703
841,0,3150802
842,0,3150901
843,0,3151008
844,0,3151107
845,0,3151206
846,0,3151305
847,0,3151404
848,0,3151503
849,0,3151602
850,0,3151701
851,0,3151800
852,0,3151909
853,0,3152006
854,0,3152105
855,0,3152131
856,0,3152170
857,0,3152204
858,0,3152303
859,0,3152402
860,0,3152501
861,0,3152600
862,0,3152709
863,0,3152808
864,0,3152907
865,0,3153004
866,0,3153103
867,0,3153202
868,0,3153301
869,0,3153400
870,0,3153608
871,0,3153707
872,0,3153806
873,0,3153905
874,0,3154002
875,0,3154101
876,0,3154150
877,0,3154200
878,0,3154309
879,0,3154408
880,0,3154457
881,0,3154507
882,0,3154606
883,0,3154705
884,0,3154804
885,0,3154903
886,0,3155108
887,0,3155009
888,0,3155207
889,0,3155306
890,0,3155405
891,0,3155504
892,0,3155603
893,0,3155702
894,0,3155801
895,0,3155900
896,0,3156007
897,0,3156106
898,0,3156205
899,0,3156304
900,0,3156403
901,0,3156452
902,0,3156502
903,0,3156601
904,0,3156700
905,0,3156809
906,0,3156908
907,0,3157005
908,0,3157104
909,0,3157203
910,0,3157252
911,0,3157278
912,0,3157302
913,0,3157336
914,0,3157377
915,0,3157401
916,0,3157500
917,0,3157609
918,0,3157658
919,0,3157708
920,0,3157807
921,0,3157906
922,0,3158003
923,0,3158102
924,0,3158201
925,0,3159209
926,0,3159407
927,0,3159308
928,0,3159357
929,0,3159506
930,0,3159605
931,0,3159704
932,0,3159803
933,0,3158300
934,0,3158409
935,0,3158508
936,0,3158607
937,0,3158706
938,0,3158805
939,0,3158904
940,0,3158953
941,0,3159001
942,0,3159100
943,0,3159902
944,0,3160009
945,0,3160108
946,0,3160207
947,0,3160306
948,0,3160405
949,0,3160454
950,0,3160504
951,0,3160603
952,0,3160702
953,0,3160801
954,0,3160900
955,0,3160959
956,0,3161007
957,0,3161056
958,0,3161106
959,0,3161205
960,0,3161304
961,0,3161403
962,0,3161502
963,0,3161601
964,0,3161650
965,0,3161700
966,0,3161809
967,0,3161908
968,0,3125507
969,0,3162005
970,0,3162104
971,0,3162203
972,0,3162252
973,0,3162302
974,0,3162401
975,0,3162450
976,0,3162500
977,0,3162559
978,0,3162575
979,0,3162609
980,0,3162658
981,0,3162708
982,0,3162807
983,0,3162906
984,0,3162922
985,0,3162948
986,0,3162955
987,0,3163003
988,0,3163102
989,0,3163201
990,0,3163300
991,0,3163409
992,0,3163508
993,0,3163607
994,0,3163706
995,0,3163805
996,0,3163904
997,0,3164100
998,0,3164001
999,0,3164209
1000,0,3164308
1001,0,3164407
1002,0,3164431
1003,0,3164472
1004,0,3164506
1005,0,3164605
1006,0,3164704
1007,0,3164803
1008,0,3164902
1009,0,3165206
1010,0,3165008
1011,0,3165107
1012,0,3165305
1013,0,3165404
1014,0,3165503
1015,0,3165537
1016,0,3165560
1017,0,3165578
1018,0,3165602
1019,0,3165701
1020,0,3165800
1021,0,3165909
1022,0,3166006
1023,0,3166105
1024,0,3166204
1025,0,3166303
1026,0,3166402
1027,0,3166501
1028,0,3166600
1029,0,3166808
1030,0,3166709
1031,0,3166907
1032,0,3166956
1033,0,3167004
1034,0,3167103
1035,0,3167202
1036,0,3165552
1037,0,3167301
1038,0,3167400
1039,0,3167509
1040,0,3167608
1041,0,3167707
1042,0,3167806
1043,0,3167905
1044,0,3168002
1045,0,3168051
1046,0,3168101
1047,0,3168200
1048,0,3168309
1049,0,3168408
1050,0,3168507
1051,0,3168606
1052,0,3168705
1053,0,3168804
1054,0,3168903
1055,0,3169000
1056,0,3169059
1057,0,3169109
1058,0,3169208
1059,0,3169307
1060,0,3169356
1061,0,3169406
1062,0,3169505
1063,0,3169604
1064,0,3169703
1065,0,3169802
1066,0,3169901
1067,0,3170008
1068,0,3170057
1069,0,3170107
1070,0,3170206
1071,0,3170305
1072,0,3170404
1073,0,3170438
1074,0,3170479
1075,0,3170503
1076,0,3170529
1077,0,3170578
1078,0,3170602
1079,0,3170651
1080,0,3170701
1081,0,3170750
1082,0,3170800
1083,0,3170909
1084,0,3171006
1085,0,3171030
1086,0,3171071
1087,0,3171105
1088,0,3171154
1089,0,3171204
1090,0,3171303
1091,0,3171402
1092,0,3171600
1093,0,3171709
1094,0,3171808
1095,0,3171907
1096,0,3172004
1097,0,3172103
1098,0,3172202
1099,0,1500107
1100,0,1500131
1101,0,1500206
1102,0,1500305
1103,0,1500347
1104,0,1500404
1105,0,1500503
1106,0,1500602
1107,0,1500701
1108,0,1500800
1109,0,1500859
1110,0,1500909
1111,0,1500958
1112,0,1501006
1113,0,1501105
1114,0,1501204
1115,0,1501253
1116,0,1501303
1117,0,1501402
1118,0,1501451
1119,0,1501501
1120,0,1501576
1121,0,1501600
1122,0,1501709
1123,0,1501725
1124,0,1501758
1125,0,1501782
1126,0,1501808
1127,0,1501907
1128,0,1502004
1129,0,1501956
1130,0,1502103
1131,0,1502152
1132,0,1502202
1133,0,1502301
1134,0,1502400
1135,0,1502509
1136,0,1502608
1137,0,1502707
1138,0,1502756
1139,0,1502764
1140,0,1502772
1141,0,1502806
1142,0,1502855
1143,0,1502905
1144,0,1502939
1145,0,1502954
1146,0,1503002
1147,0,1503044
1148,0,1503077
1149,0,1503093
1150,0,1503101
1151,0,1503200
1152,0,1503309
1153,0,1503408
1154,0,1503457
1155,0,1503507
1156,0,1503606
1157,0,1503705
1158,0,1503754
1159,0,1503804
1160,0,1503903
1161,0,1504000
1162,0,1504059
1163,0,1504109
1164,0,1504208
1165,0,1504307
1166,0,1504406
1167,0,1504422
1168,0,1504455
1169,0,1504505
1170,0,1504604
1171,0,1504703
1172,0,1504752
1173,0,1504802
1174,0,1504901
1175,0,1504950
1176,0,1504976
1177,0,1505007
1178,0,1505031
1179,0,1505064
1180,0,1505106
1181,0,1505205
1182,0,1505304
1183,0,1505403
1184,0,1505437
1185,0,1505486
1186,0,1505494
1187,0,1505502
1188,0,1505536
1189,0,1505551
1190,0,1505601
1191,0,1505635
1192,0,1505650
1193,0,1505700
1194,0,1505809
1195,0,1505908
1196,0,1506005
1197,0,1506104
1198,0,1506112
1199,0,1506138
1200,0,1506161
1201,0,1506187
1202,0,1506195
1203,0,1506203
1204,0,1506302
1205,0,1506351
1206,0,1506401
1207,0,1506500
1208,0,1506559
1209,0,1506583
1210,0,1506609
1211,0,1506708
1212,0,1506807
1213,0,1506906
1214,0,1507003
1215,0,1507102
1216,0,1507151
1217,0,1507201
1218,0,1507300
1219,0,1507409
1220,0,1507458
1221,0,1507466
1222,0,1507474
1223,0,1507508
1224,0,1507607
1225,0,1507706
1226,0,1507755
1227,0,1507805
1228,0,1507904
1229,0,1507953
1230,0,1507961
1231,0,1507979
1232,0,1508001
1233,0,1508035
1234,0,1508050
1235,0,1508084
1236,0,1508100
1237,0,1508126
1238,0,1508159
1239,0,1508209
1240,0,1508308
1241,0,1508357
1242,0,1508407
1243,0,2300101
1244,0,2300150
1245,0,2300200
1246,0,2300309
1247,0,2300408
1248,0,2300507
1249,0,2300606
1250,0,2300705
1251,0,2300754
1252,0,2300804
1253,0,2300903
1254,0,2301000
1255,0,2301109
1256,0,2301208
1257,0,2301257
1258,0,2301307
1259,0,2301406
1260,0,2301505
1261,0,2301604
1262,0,2301703
1263,0,2301802
1264,0,2301851
1265,0,2301901
1266,0,2301950
1267,0,2302008
1268,0,2302057
1269,0,2302107
1270,0,2302206
1271,0,2302305
1272,0,2302404
1273,0,2302503
1274,0,2302602
1275,0,2302701
1276,0,2302800
1277,0,2302909
1278,0,2303006
1279,0,2303105
1280,0,2303204
1281,0,2303303
1282,0,2303402
1283,0,2303501
1284,0,2303600
1285,0,2303659
1286,0,2303709
1287,0,2303808
1288,0,2303907
1289,0,2303931
1290,0,2303956
1291,0,2304004
1292,0,2304103
1293,0,2304202
1294,0,2304236
1295,0,2304251
1296,0,2304269
1297,0,2304277
1298,0,2304285
1299,0,2304301
1300,0,2304350
1301,0,2304400
1302,0,2304459
1303,0,2304509
1304,0,2304608
1305,0,2304657
1306,0,2304707
1307,0,2304806
1308,0,2304905
1309,0,2304954
1310,0,2305001
1311,0,2305100
1312,0,2305209
1313,0,2305233
1314,0,2305266
1315,0,2305308
1316,0,2305332
1317,0,2305357
1318,0,2305407
1319,0,2305506
1320,0,2305605
1321,0,2305654
1322,0,2305704
1323,0,2305803
1324,0,2305902
1325,0,2306009
1326,0,2306108
1327,0,2306207
1328,0,2306256
1329,0,2306306
1330,0,2306405
1331,0,2306504
1332,0,2306553
1333,0,2306603
1334,0,2306702
1335,0,2306801
1336,0,2306900
1337,0,2307007
1338,0,2307106
1339,0,2307205
1340,0,2307254
1341,0,2307304
1342,0,2307403
1343,0,2307502
1344,0,2307601
1345,0,2307635
1346,0,2307650
1347,0,2307700
1348,0,2307809
1349,0,2307908
1350,0,2308005
1351,0,2308104
1352,0,2308203
1353,0,2308302
1354,0,2308351
1355,0,2308377
1356,0,2308401
1357,0,2308500
1358,0,2308609
1359,0,2308708
1360,0,2308807
1361,0,2308906
1362,0,2309003
1363,0,2309102
1364,0,2309201
1365,0,2309300
1366,0,2309409
1367,0,2309458
1368,0,2309508
1369,0,2309607
1370,0,2309706
1371,0,2309805
1372,0,2309904
1373,0,2310001
1374,0,2310100
1375,0,2310209
1376,0,2310258
1377,0,2310308
1378,0,2310407
1379,0,2310506
1380,0,2310605
1381,0,2310704
1382,0,2310803
1383,0,2310852
1384,0,2310902
1385,0,2310951
1386,0,2311009
1387,0,2311108
1388,0,2311207
1389,0,2311231
1390,0,2311264
1391,0,2311306
1392,0,2311355
1393,0,2311405
1394,0,2311504
1395,0,2311603
1396,0,2311702
1397,0,2311801
1398,0,2311900
1399,0,2311959
1400,0,2312205
1401,0,2312007
1402,0,2312106
1403,0,2312304
1404,0,2312403
1405,0,2312502
1406,0,2312601
1407,0,2312700
1408,0,2312809
1409,0,2312908
1410,0,2313005
1411,0,2313104
1412,0,2313203
1413,0,2313252
1414,0,2313302
1415,0,2313351
1416,0,2313401
1417,0,2313500
1418,0,2313559
1419,0,2313609
1420,0,2313708
1421,0,2313757
1422,0,2313807
1423,0,2313906
1424,0,2313955
1425,0,2314003
1426,0,2314102
1427,1,2900108
1428,1,2900207
1429,1,2900306
1430,1,2900355
1431,1,2900405
1432,1,2900603
1433,1,2900702
1434,1,2900801
1435,1,2900900
1436,1,2901007
1437,1,2901106
1438,1,2901155
1439,1,2901205
1440,1,2901304
1441,1,2901353
1442,1,2901403
1443,1,2901502
1444,1,2901601
1445,1,2901700
1446,1,2901809
1447,1,2901908
1448,1,2901957
1449,1,2902054
1450,1,2902005
1451,1,2902104
1452,1,2902203
1453,1,2902252
1454,1,2902302
1455,1,2902401
1456,1,2902500
1457,1,2902609
1458,1,2902658
1459,1,2902708
1460,1,2902807
1461,1,2902906
1462,1,2903003
1463,1,2903102
1464,1,2903201
1465,1,2903235
1466,1,2903300
1467,1,2903276
1468,1,2903409
1469,1,2903508
1470,1,2903607
1471,1,2903706
1472,1,2903805
1473,1,2903904
1474,1,2903953
1475,1,2904001
1476,1,2904050
1477,1,2904100
1478,1,2904209
1479,1,2904308
1480,1,2904407
1481,1,2904506
1482,1,2904605
1483,1,2904704
1484,1,2904753
1485,1,2904803
1486,1,2904852
1487,1,2904902
1488,1,2905008
1489,1,2905107
1490,1,2905156
1491,1,2905206
1492,1,2905305
1493,1,2905404
1494,1,2905503
1495,1,2905602
1496,1,2905701
1497,1,2905800
1498,1,2905909
1499,1,2906006
1500,1,2906105
1501,1,2906204
1502,1,2906303
1503,1,2906402
1504,1,2906501
1505,1,2906600
1506,1,2906709
1507,1,2906808
1508,1,2906824
1509,1,2906857
1510,1,2906873
1511,1,2906899
1512,1,2906907
1513,1,2907004
1514,1,2907103
1515,1,2907202
1516,1,2907301
1517,1,2907400
1518,1,2907509
1519,1,2907558
1520,1,2907608
1521,1,2907707
1522,1,2907806
1523,1,2907905
1524,1,2908002
1525,1,2908101
1526,1,2908200
1527,1,2908309
1528,1,2908408
1529,1,2908507
1530,1,2908606
1531,1,2908705
1532,1,2908804
1533,1,2908903
1534,1,2909000
1535,1,2909109
1536,1,2909208
1537,1,2909307
1538,1,2909406
1539,1,2909505
1540,1,2909604
1541,1,2909703
1542,1,2909802
1543,1,2909901
1544,1,2910008
1545,1,2910057
1546,1,2910107
1547,1,2910206
1548,1,2910305
1549,1,2910404
1550,1,2910503
1551,1,2900504
1552,1,2910602
1553,1,2910701
1554,1,2910727
1555,1,2910750
1556,1,2910776
1557,1,2910800
1558,1,2910859
1559,1,2910909
1560,1,2911006
1561,1,2911105
1562,1,2911204
1563,1,2911253
1564,1,2911303
1565,1,2911402
1566,1,2911501
1567,1,2911600
1568,1,2911659
1569,1,2911709
1570,1,2911808
1571,1,2911857
1572,1,2911907
1573,1,2912004
1574,1,2912103
1575,1,2912202
1576,1,2912301
1577,1,2912400
1578,1,2912509
1579,1,2912608
1580,1,2912707
1581,1,2912806
1582,1,2912905
1583,1,2913002
1584,1,2913101
1585,1,2913200
1586,1,2913309
1587,1,2913408
1588,1,2913457
1589,1,2913507
1590,1,2913606
1591,1,2913705
1592,1,2913804
1593,1,2913903
1594,1,2914000
1595,1,2914109
1596,1,2914208
1597,1,2914307
1598,1,2914406
1599,1,2914505
1600,1,2914604
1601,1,2914653
1602,1,2914703
1603,1,2914802
1604,1,2914901
1605,1,2915007
1606,1,2915106
1607,1,2915205
1608,1,2915304
1609,1,2915353
1610,1,2915403
1611,1,2915502
1612,1,2915601
1613,1,2915700
1614,1,2915809
1615,1,2915908
1616,1,2916005
1617,1,2916104
1618,1,2916203
1619,1,2916302
1620,1,2916401
1621,1,2916500
1622,1,2916609
1623,1,2916708
1624,1,2916807
1625,1,2916856
1626,1,2916906
1627,1,2917003
1628,1,2917102
1629,1,2917201
1630,1,2917300
1631,1,2917334
1632,1,2917359
1633,1,2917409
1634,1,2917508
1635,1,2917607
1636,1,2917706
1637,1,2917805
1638,1,2917904
1639,1,2918001
1640,1,2918100
1641,1,2918209
1642,1,2918308
1643,1,2918357
1644,1,2918407
1645,1,2918456
1646,1,2918506
1647,1,2918555
1648,1,2918605
1649,1,2918704
1650,1,2918753
1651,1,2918803
1652,1,2918902
1653,1,2919009
1654,1,2919058
1655,1,2919108
1656,1,2919157
1657,1,2919207
1658,1,2919306
1659,1,2919405
1660,1,2919504
1661,1,2919553
1662,1,2919603
1663,1,2919702
1664,1,2919801
1665,1,2919900
1666,1,2919926
1667,1,2919959
1668,1,2920007
1669,1,2920106
1670,1,2920205
1671,1,2920304
1672,1,2920403
1673,1,2920452
1674,1,2920502
1675,1,2920601
1676,1,2920700
1677,1,2920809
1678,1,2920908
1679,1,2921005
1680,1,2921054
1681,1,2921104
1682,1,2921203
1683,1,2921302
1684,1,2921401
1685,1,2921450
1686,1,2921500
1687,1,2921609
1688,1,2921708
1689,1,2921807
1690,1,2921906
1691,1,2922003
1692,1,2922052
1693,1,2922102
1694,1,2922201
1695,1,2922250
1696,1,2922300
1697,1,2922409
1698,1,2922508
1699,1,2922607
1700,1,2922656
1701,1,2922706
1702,1,2922730
1703,1,2922755
1704,1,2922805
1705,1,2922854
1706,1,2922904
1707,1,2923001
1708,1,2923035
1709,1,2923050
1710,1,2923100
1711,1,2923209
1712,1,2923308
1713,1,2923357
1714,1,2923407
1715,1,2923506
1716,1,2923605
1717,1,2923704
1718,1,2923803
1719,1,2923902
1720,1,2924009
1721,1,2924058
1722,1,2924108
1723,1,2924207
1724,1,2924306
1725,1,2924405
1726,1,2924504
1727,1,2924603
1728,1,2924652
1729,1,2924678
1730,1,2924702
1731,1,2924801
1732,1,2924900
1733,1,2925006
1734,1,2925105
1735,1,2925204
1736,1,2925253
1737,1,2925303
1738,1,2925402
1739,1,2925501
1740,1,2925600
1741,1,2925709
1742,1,2925758
1743,1,2925808
1744,1,2925907
1745,1,2925931
1746,1,2925956
1747,1,2926004
1748,1,2926103
1749,1,2926202
1750,1,2926301
1751,1,2926400
1752,1,2926509
1753,1,2926608
1754,1,2926657
1755,1,2926707
1756,1,2926806
1757,1,2926905
1758,1,2927002
1759,1,2927101
1760,1,2927200
1761,1,2927309
1762,1,2927408
1763,1,2927507
1764,1,2927606
1765,1,2927705
1766,1,2927804
1767,1,2927903
1768,1,2928059
1769,1,2928109
1770,1,2928406
1771,1,2928505
1772,1,2928000
1773,1,2928208
1774,1,2928307
1775,1,2928604
1776,1,2928703
1777,1,2928802
1778,1,2928901
1779,1,2928950
1780,1,2929107
1781,1,2929008
1782,1,2929057
1783,1,2929206
1784,1,2929255
1785,1,2929305
1786,1,2929354
1787,1,2929370
1788,1,2929404
1789,1,2929503
1790,1,2929602
1791,1,2929701
1792,1,2929750
1793,1,2929800
1794,1,2929909
1795,1,2930006
1796,1,2930105
1797,1,2930204
1798,1,2930154
1799,1,2930303
1800,1,2930402
1801,1,2930501
1802,1,2930600
1803,1,2930709
1804,1,2930758
1805,1,2930766
1806,1,2930774
1807,1,2930808
1808,1,2930907
1809,1,2931004
1810,1,2931053
1811,1,2931103
1812,1,2931202
1813,1,2931301
1814,1,2931350
1815,1,2931400
1816,1,2931509
1817,1,2931608
1818,1,2931707
1819,1,2931806
1820,1,2931905
1821,1,2932002
1822,1,2932101
1823,1,2932200
1824,1,2932309
1825,1,2932408
1826,1,2932457
1827,1,2932507
1828,1,2932606
1829,1,2932705
1830,1,2932804
1831,1,2932903
1832,1,2933000
1833,1,2933059
1834,1,2933109
1835,1,2933158
1836,1,2933174
1837,1,2933208
1838,1,2933257
1839,1,2933307
1840,1,2933406
1841,1,2933455
1842,1,2933505
1843,1,2933604
1844,0,4100103
1845,0,4100202
1846,0,4100301
1847,0,4100400
1848,0,4100459
1849,0,4128625
1850,0,4100608
1851,0,4100707
1852,0,4100509
1853,0,4100806
1854,0,4100905
1855,0,4101002
1856,0,4101051
1857,0,4101101
1858,0,4101150
1859,0,4101200
1860,0,4101309
1861,0,4101408
1862,0,4101507
1863,0,4101606
1864,0,4101655
1865,0,4101705
1866,0,4101804
1867,0,4101853
1868,0,4101903
1869,0,4102000
1870,0,4102109
1871,0,4102208
1872,0,4102307
1873,0,4102406
1874,0,4102505
1875,0,4102703
1876,0,4102604
1877,0,4102752
1878,0,4102802
1879,0,4102901
1880,0,4103008
1881,0,4103024
1882,0,4103040
1883,0,4103057
1884,0,4103107
1885,0,4103156
1886,0,4103206
1887,0,4103222
1888,0,4103305
1889,0,4103354
1890,0,4103370
1891,0,4103404
1892,0,4103453
1893,0,4103479
1894,0,4103503
1895,0,4103602
1896,0,4103701
1897,0,4103800
1898,0,4103909
1899,0,4103958
1900,0,4104006
1901,0,4104055
1902,0,4104105
1903,0,4104204
1904,0,4104253
1905,0,4104303
1906,0,4104402
1907,0,4104428
1908,0,4104451
1909,0,4104501
1910,0,4104600
1911,0,4104659
1912,0,4104709
1913,0,4104808
1914,0,4104907
1915,0,4105003
1916,0,4105102
1917,0,4105201
1918,0,4105300
1919,0,4105409
1920,0,4105508
1921,0,4105607
1922,0,4105706
1923,0,4105805
1924,0,4105904
1925,0,4106001
1926,0,4106100
1927,0,4106209
1928,0,4106308
1929,0,4106407
1930,0,4106456
1931,0,4106506
1932,0,4106555
1933,0,4106803
1934,0,4106571
1935,0,4106605
1936,0,4106704
1937,0,4106852
1938,0,4106902
1939,0,4107009
1940,0,4107157
1941,0,4107108
1942,0,4107124
1943,0,4107207
1944,0,4107256
1945,0,4107306
1946,0,4128633
1947,0,4107405
1948,0,4107504
1949,0,4107538
1950,0,4107520
1951,0,4107546
1952,0,4107553
1953,0,4107603
1954,0,4107652
1955,0,4107702
1956,0,4107736
1957,0,4107751
1958,0,4107850
1959,0,4107801
1960,0,4107900
1961,0,4108007
1962,0,4108106
1963,0,4108205
1964,0,4108304
1965,0,4108452
1966,0,4108320
1967,0,4108403
1968,0,4108502
1969,0,4108551
1970,0,4108601
1971,0,4108650
1972,0,4108700
1973,0,4108809
1974,0,4108908
1975,0,4108957
1976,0,4109005
1977,0,4109104
1978,0,4109203
1979,0,4109302
1980,0,4109401
1981,0,4109500
1982,0,4109609
1983,0,4109658
1984,0,4109708
1985,0,4109757
1986,0,4109807
1987,0,4109906
1988,0,4110003
1989,0,4110052
1990,0,4110078
1991,0,4110102
1992,0,4110201
1993,0,4110300
1994,0,4110409
1995,0,4110508
1996,0,4110607
1997,0,4110656
1998,0,4110706
1999,0,4110805
2000,0,4110904
2001,0,4110953
2002,0,4111001
2003,0,4111100
2004,0,4111209
2005,0,4111258
2006,0,4111308
2007,0,4111407
2008,0,4111506
2009,0,4111555
2010,0,4111605
2011,0,4111704
2012,0,4111803
2013,0,4111902
2014,0,4112009
2015,0,4112108
2016,0,4112207
2017,0,4112306
2018,0,4112405
2019,0,4112504
2020,0,4112603
2021,0,4112702
2022,0,4112751
2023,0,4112801
2024,0,4112900
2025,0,4112959
2026,0,4113007
2027,0,4113106
2028,0,4113205
2029,0,4113254
2030,0,4113304
2031,0,4113403
2032,0,4113429
2033,0,4113452
2034,0,4113502
2035,0,4113601
2036,0,4113700
2037,0,4113734
2038,0,4113759
2039,0,4113809
2040,0,4113908
2041,0,4114005
2042,0,4114104
2043,0,4114203
2044,0,4114302
2045,0,4114351
2046,0,4114401
2047,0,4114500
2048,0,4114609
2049,0,4114708
2050,0,4114807
2051,0,4114906
2052,0,4115002
2053,0,4115101
2054,0,4115200
2055,0,4115309
2056,0,4115358
2057,0,4115408
2058,0,4115457
2059,0,4115507
2060,0,4115606
2061,0,4115705
2062,0,4115739
2063,0,4115754
2064,0,4115804
2065,0,4115853
2066,0,4115903
2067,0,4116000
2068,0,4116059
2069,0,4116109
2070,0,4116208
2071,0,4116307
2072,0,4116406
2073,0,4116505
2074,0,4116604
2075,0,4116703
2076,0,4116802
2077,0,4116901
2078,0,4116950
2079,0,4117008
2080,0,4117057
2081,0,4117107
2082,0,4117206
2083,0,4117255
2084,0,4117214
2085,0,4117222
2086,0,4117271
2087,0,4117297
2088,0,4117305
2089,0,4117404
2090,0,4117453
2091,0,4117503
2092,0,4117602
2093,0,4117701
2094,0,4117800
2095,0,4117909
2096,0,4118006
2097,0,4118105
2098,0,4118204
2099,0,4118303
2100,0,4118402
2101,0,4118451
2102,0,4118501
2103,0,4118600
2104,0,4118709
2105,0,4118808
2106,0,4118857
2107,0,4118907
2108,0,4119004
2109,0,4119103
2110,0,4119152
2111,0,4119251
2112,0,4119202
2113,0,4119301
2114,0,4119400
2115,0,4119509
2116,0,4119608
2117,0,4119657
2118,0,4119707
2119,0,4119806
2120,0,4119905
2121,0,4119954
2122,0,4120002
2123,0,4120101
2124,0,4120150
2125,0,4120200
2126,0,4120309
2127,0,4120333
2128,0,4120358
2129,0,4120408
2130,0,4120507
2131,0,4120606
2132,0,4120655
2133,0,4120705
2134,0,4120804
2135,0,4120853
2136,0,4120903
2137,0,4121000
2138,0,4121109
2139,0,4121208
2140,0,4121257
2141,0,4121307
2142,0,4121356
2143,0,4121406
2144,0,4121505
2145,0,4121604
2146,0,4121703
2147,0,4121752
2148,0,4121802
2149,0,4121901
2150,0,4122008
2151,0,4122107
2152,0,4122156
2153,0,4122172
2154,0,4122206
2155,0,4122305
2156,0,4122404
2157,0,4122503
2158,0,4122602
2159,0,4122651
2160,0,4122701
2161,0,4122800
2162,0,4122909
2163,0,4123006
2164,0,4123105
2165,0,4123204
2166,0,4123303
2167,0,4123402
2168,0,4123501
2169,0,4123600
2170,0,4123709
2171,0,4123808
2172,0,4123824
2173,0,4123857
2174,0,4123907
2175,0,4123956
2176,0,4124020
2177,0,4124053
2178,0,4124004
2179,0,4124103
2180,0,4124202
2181,0,4124301
2182,0,4124400
2183,0,4124509
2184,0,4124608
2185,0,4124707
2186,0,4124806
2187,0,4124905
2188,0,4125001
2189,0,4125100
2190,0,4125209
2191,0,4125308
2192,0,4125357
2193,0,4125407
2194,0,4125456
2195,0,4125506
2196,0,4125555
2197,0,4125605
2198,0,4125704
2199,0,4125753
2200,0,4125803
2201,0,4125902
2202,0,4126009
2203,0,4126108
2204,0,4126207
2205,0,4126256
2206,0,4126272
2207,0,4126306
2208,0,4126355
2209,0,4126405
2210,0,4126504
2211,0,4126603
2212,0,4126652
2213,0,4126678
2214,0,4126702
2215,0,4126801
2216,0,4126900
2217,0,4127007
2218,0,4127106
2219,0,4127205
2220,0,4127304
2221,0,4127403
2222,0,4127502
2223,0,4127601
2224,0,4127700
2225,0,4127809
2226,0,4127858
2227,0,4127882
2228,0,4127908
2229,0,4127957
2230,0,4127965
2231,0,4128005
2232,0,4128104
2233,0,4128203
2234,0,4128302
2235,0,4128401
2236,0,4128534
2237,0,4128559
2238,0,4128609
2239,0,4128658
2240,0,4128708
2241,0,4128500
2242,0,4128807
2243,1,4200051
2244,1,4200101
2245,1,4200200
2246,1,4200309
2247,1,4200408
2248,1,4200507
2249,1,4200556
2250,1,4200606
2251,1,4200705
2252,1,4200754
2253,1,4200804
2254,1,4200903
2255,1,4201000
2256,1,4201109
2257,1,4201208
2258,1,4201257
2259,1,4201273
2260,1,4201307
2261,1,4201406
2262,1,4201505
2263,1,4201604
2264,1,4201653
2265,1,4201703
2266,1,4201802
2267,1,4201901
2268,1,4201950
2269,1,4202057
2270,1,4202008
2271,1,4202073
2272,1,4212809
2273,1,4220000
2274,1,4202081
2275,1,4202099
2276,1,4202107
2277,1,4202131
2278,1,4202156
2279,1,4202206
2280,1,4202305
2281,1,4202404
2282,1,4202438
2283,1,4202503
2284,1,4202537
2285,1,4202578
2286,1,4202602
2287,1,4202453
2288,1,4202701
2289,1,4202800
2290,1,4202859
2291,1,4202875
2292,1,4202909
2293,1,4203006
2294,1,4203105
2295,1,4203154
2296,1,4203204
2297,1,4203303
2298,1,4203402
2299,1,4203501
2300,1,4203600
2301,1,4203709
2302,1,4203808
2303,1,4203253
2304,1,4203907
2305,1,4203956
2306,1,4204004
2307,1,4204103
2308,1,4204152
2309,1,4204178
2310,1,4204194
2311,1,4204202
2312,1,4204251
2313,1,4204301
2314,1,4204350
2315,1,4204400
2316,1,4204459
2317,1,4204558
2318,1,4204509
2319,1,4204608
2320,1,4204707
2321,1,4204756
2322,1,4204806
2323,1,4204905
2324,1,4205001
2325,1,4205100
2326,1,4205159
2327,1,4205175
2328,1,4205191
2329,1,4205209
2330,1,4205308
2331,1,4205357
2332,1,4205407
2333,1,4205431
2334,1,4205456
2335,1,4205506
2336,1,4205555
2337,1,4205605
2338,1,4205704
2339,1,4205803
2340,1,4205902
2341,1,4206009
2342,1,4206108
2343,1,4206207
2344,1,4206306
2345,1,4206405
2346,1,4206504
2347,1,4206603
2348,1,4206652
2349,1,4206702
2350,1,4206751
2351,1,4206801
2352,1,4206900
2353,1,4207007
2354,1,4207106
2355,1,4207205
2356,1,4207304
2357,1,4207403
2358,1,4207502
2359,1,4207577
2360,1,4207601
2361,1,4207650
2362,1,4207684
2363,1,4207700
2364,1,4207759
2365,1,4207809
2366,1,4207858
2367,1,4207908
2368,1,4208005
2369,1,4208104
2370,1,4208203
2371,1,4208302
2372,1,4208401
2373,1,4208450
2374,1,4208500
2375,1,4208609
2376,1,4208708
2377,1,4208807
2378,1,4208906
2379,1,4208955
2380,1,4209003
2381,1,4209102
2382,1,4209151
2383,1,4209177
2384,1,4209201
2385,1,4209300
2386,1,4209409
2387,1,4209458
2388,1,4209508
2389,1,4209607
2390,1,4209706
2391,1,4209805
2392,1,4209854
2393,1,4209904
2394,1,4210001
2395,1,4210035
2396,1,4210050
2397,1,4210100
2398,1,4210209
2399,1,4210308
2400,1,4210407
2401,1,4210506
2402,1,4210555
2403,1,4210605
2404,1,4210704
2405,1,4210803
2406,1,4210852
2407,1,4210902
2408,1,4211009
2409,1,4211058
2410,1,4211108
2411,1,4211207
2412,1,4211256
2413,1,4211306
2414,1,4211405
2415,1,4211454
2416,1,4211504
2417,1,4211603
2418,1,4211652
2419,1,4211702
2420,1,4211751
2421,1,4211801
2422,1,4211850
2423,1,4211876
2424,1,4211892
2425,1,4211900
2426,1,4212007
2427,1,4212056
2428,1,4212106
2429,1,4212205
2430,1,4212239
2431,1,4212254
2432,1,4212270
2433,1,4212304
2434,1,4212403
2435,1,4212502
2436,1,4212601
2437,1,4212650
2438,1,4212700
2439,1,4212908
2440,1,4213005
2441,1,4213104
2442,1,4213153
2443,1,4213203
2444,1,4213302
2445,1,4213351
2446,1,4213401
2447,1,4213500
2448,1,4213609
2449,1,4213708
2450,1,4213807
2451,1,4213906
2452,1,4214003
2453,1,4214102
2454,1,4214151
2455,1,4214201
2456,1,4214300
2457,1,4214409
2458,1,4214508
2459,1,4214607
2460,1,4214805
2461,1,4214706
2462,1,4214904
2463,1,4215000
2464,1,4215059
2465,1,4215075
2466,1,4215109
2467,1,4215208
2468,1,4215307
2469,1,4215356
2470,1,4215406
2471,1,4215455
2472,1,4215505
2473,1,4215554
2474,1,4215604
2475,1,4215653
2476,1,4215679
2477,1,4215687
2478,1,4215695
2479,1,4215703
2480,1,4215802
2481,1,4215752
2482,1,4215901
2483,1,4216008
2484,1,4216057
2485,1,4216107
2486,1,4216206
2487,1,4216305
2488,1,4216354
2489,1,4216255
2490,1,4216404
2491,1,4216503
2492,1,4216602
2493,1,4216701
2494,1,4216800
2495,1,4216909
2496,1,4217006
2497,1,4217105
2498,1,4217154
2499,1,4217204
2500,1,4217253
2501,1,4217303
2502,1,4217402
2503,1,4217501
2504,1,4217550
2505,1,4217600
2506,1,4217709
2507,1,4217758
2508,1,4217808
2509,1,4217907
2510,1,4217956
2511,1,4218004
2512,1,4218103
2513,1,4218202
2514,1,4218251
2515,1,4218301
2516,1,4218350
2517,1,4218400
2518,1,4218509
2519,1,4218608
2520,1,4218707
2521,1,4218756
2522,1,4218806
2523,1,4218855
2524,1,4218905
2525,1,4218954
2526,1,4219002
2527,1,4219101
2528,1,4219150
2529,1,4219176
2530,1,4219200
2531,1,4219309
2532,1,4219358
2533,1,4219408
2534,1,4219507
2535,1,4219606
2536,1,4219705
2537,1,4219853
2538,1,2600054
2539,1,2600104
2540,1,2600203
2541,1,2600302
2542,1,2600401
2543,1,2600500
2544,1,2600609
2545,1,2600708
2546,1,2600807
2547,1,2600906
2548,1,2601003
2549,1,2601052
2550,1,2601102
2551,1,2601201
2552,1,2601300
2553,1,2601409
2554,1,2601508
2555,1,2601607
2556,1,2601706
2557,1,2601805
2558,1,2601904
2559,1,2602001
2560,1,2602100
2561,1,2602209
2562,1,2602308
2563,1,2602407
2564,1,2602506
2565,1,2602605
2566,1,2602704
2567,1,2602803
2568,1,2602902
2569,1,2603009
2570,1,2603108
2571,1,2603207
2572,1,2603306
2573,1,2603405
2574,1,2603454
2575,1,2603504
2576,1,2603603
2577,1,2603702
2578,1,2603801
2579,1,2603900
2580,1,2603926
2581,1,2604007
2582,1,2604106
2583,1,2604155
2584,1,2604205
2585,1,2604304
2586,1,2604403
2587,1,2604502
2588,1,2604601
2589,1,2604700
2590,1,2604809
2591,1,2604908
2592,1,2605004
2593,1,2605103
2594,1,2605152
2595,1,2605202
2596,1,2605301
2597,1,2605400
2598,1,2605459
2599,1,2605509
2600,1,2605608
2601,1,2605707
2602,1,2605806
2603,1,2605905
2604,1,2606002
2605,1,2606101
2606,1,2606200
2607,1,2606309
2608,1,2606408
2609,1,2606507
2610,1,2606606
2611,1,2606705
2612,1,2606804
2613,1,2606903
2614,1,2607604
2615,1,2607000
2616,1,2607109
2617,1,2607208
2618,1,2607307
2619,1,2607406
2620,1,2607505
2621,1,2607653
2622,1,2607703
2623,1,2607752
2624,1,2607802
2625,1,2607901
2626,1,2607950
2627,1,2608008
2628,1,2608057
2629,1,2608107
2630,1,2608206
2631,1,2608255
2632,1,2608305
2633,1,2608404
2634,1,2608503
2635,1,2608453
2636,1,2608602
2637,1,2608701
2638,1,2608750
2639,1,2608800
2640,1,2608909
2641,1,2609006
2642,1,2609105
2643,1,2609154
2644,1,2609204
2645,1,2609303
2646,1,2614303
2647,1,2609402
2648,1,2609501
2649,1,2609600
2650,1,2609709
2651,1,2609808
2652,1,2609907
2653,1,2610004
2654,1,2610103
2655,1,2610202
2656,1,2610301
2657,1,2610400
2658,1,2610509
2659,1,2610608
2660,1,2610707
2661,1,2610806
2662,1,2610905
2663,1,2611002
2664,1,2611101
2665,1,2611200
2666,1,2611309
2667,1,2611408
2668,1,2611507
2669,1,2611533
2670,1,2611606
2671,1,2611705
2672,1,2611804
2673,1,2611903
2674,1,2612000
2675,1,2612109
2676,1,2612208
2677,1,2612307
2678,1,2612406
2679,1,2612455
2680,1,2612471
2681,1,2612505
2682,1,2612554
2683,1,2612604
2684,1,2612703
2685,1,2612802
2686,1,2612901
2687,1,2613008
2688,1,2613107
2689,1,2613206
2690,1,2613305
2691,1,2613404
2692,1,2613503
2693,1,2613602
2694,1,2613701
2695,1,2613800
2696,1,2613909
2697,1,2614006
2698,1,2614105
2699,1,2614204
2700,1,2614402
2701,1,2614501
2702,1,2614600
2703,1,2614709
2704,1,2614808
2705,1,2614857
2706,1,2615003
2707,1,2615102
2708,1,2615201
2709,1,2615300
2710,1,2615409
2711,1,2615508
2712,1,2615607
2713,1,2615706
2714,1,2615805
2715,1,2615904
2716,1,2616001
2717,1,2616100
2718,1,2616183
2719,1,2616209
2720,1,2616308
2721,1,2616407
2722,1,2616506
2723,0,1700251
2724,0,1700301
2725,0,1700350
2726,0,1700400
2727,0,1700707
2728,0,1701002
2729,0,1701051
2730,0,1701101
2731,0,1701309
2732,0,1701903
2733,0,1702000
2734,0,1702109
2735,0,1702158
2736,0,1702208
2737,0,1702307
2738,0,1702406
2739,0,1702554
2740,0,1702703
2741,0,1702901
2742,0,1703008
2743,0,1703057
2744,0,1703073
2745,0,1703107
2746,0,1703206
2747,0,1703305
2748,0,1703602
2749,0,1703701
2750,0,1703800
2751,0,1703826
2752,0,1703842
2753,0,1703867
2754,0,1703883
2755,0,1703891
2756,0,1703909
2757,0,1704105
2758,0,1705102
2759,0,1704600
2760,0,1705508
2761,0,1716703
2762,0,1705557
2763,0,1705607
2764,0,1706001
2765,0,1706100
2766,0,1706258
2767,0,1706506
2768,0,1707009
2769,0,1707108
2770,0,1707207
2771,0,1707306
2772,0,1707405
2773,0,1707553
2774,0,1707652
2775,0,1707702
2776,0,1708205
2777,0,1708254
2778,0,1708304
2779,0,1709005
2780,0,1709302
2781,0,1709500
2782,0,1709807
2783,0,1710508
2784,0,1710706
2785,0,1710904
2786,0,1711100
2787,0,1711506
2788,0,1711803
2789,0,1711902
2790,0,1711951
2791,0,1712009
2792,0,1712157
2793,0,1712405
2794,0,1712454
2795,0,1712504
2796,0,1712702
2797,0,1712801
2798,0,1713205
2799,0,1713304
2800,0,1713601
2801,0,1713700
2802,0,1713957
2803,0,1714203
2804,0,1714302
2805,0,1714880
2806,0,1715002
2807,0,1715101
2808,0,1715150
2809,0,1715259
2810,0,1715507
2811,0,1721000
2812,0,1715705
2813,0,1713809
2814,0,1715754
2815,0,1716109
2816,0,1716208
2817,0,1716307
2818,0,1716505
2819,0,1716604
2820,0,1716653
2821,0,1717008
2822,0,1717206
2823,0,1717503
2824,0,1717800
2825,0,1717909
2826,0,1718006
2827,0,1718204
2828,0,1718303
2829,0,1718402
2830,0,1718451
2831,0,1718501
2832,0,1718550
2833,0,1718659
2834,0,1718709
2835,0,1718758
2836,0,1718808
2837,0,1718840
2838,0,1718865
2839,0,1718881
2840,0,1718899
2841,0,1718907
2842,0,1719004
2843,0,1720002
2844,0,1720101
2845,0,1720150
2846,0,1720200
2847,0,1720259
2848,0,1720309
2849,0,1720499
2850,0,1720655
2851,0,1720804
2852,0,1720853
2853,0,1720903
2854,0,1720937
2855,0,1720978
2856,0,1721109
2857,0,1721208
2858,0,1721257
2859,0,1721307
2860,0,1722081
2861,0,1722107
2862,0,2100055
2863,0,2100105
2864,0,2100154
2865,0,2100204
2866,0,2100303
2867,0,2100402
2868,0,2100436
2869,0,2100477
2870,0,2100501
2871,0,2100550
2872,0,2100600
2873,0,2100709
2874,0,2100808
2875,0,2100832
2876,0,2100873
2877,0,2100907
2878,0,2100956
2879,0,2101004
2880,0,2101103
2881,0,2101202
2882,0,2101251
2883,0,2101301
2884,0,2101350
2885,0,2101400
2886,0,2101509
2887,0,2101608
2888,0,2101707
2889,0,2101772
2890,0,2101731
2891,0,2101806
2892,0,2101905
2893,0,2101939
2894,0,2101970
2895,0,2102002
2896,0,2102036
2897,0,2102077
2898,0,2102101
2899,0,2102150
2900,0,2102200
2901,0,2102309
2902,0,2102325
2903,0,2102358
2904,0,2102374
2905,0,2102408
2906,0,2102507
2907,0,2102556
2908,0,2102606
2909,0,2102705
2910,0,2102754
2911,0,2102804
2912,0,2102903
2913,0,2103000
2914,0,2103109
2915,0,2103125
2916,0,2103158
2917,0,2103174
2918,0,2103208
2919,0,2103257
2920,0,2103307
2921,0,2103406
2922,0,2103505
2923,0,2103554
2924,0,2103604
2925,0,2103703
2926,0,2103752
2927,0,2103802
2928,0,2103901
2929,0,2104008
2930,0,2104057
2931,0,2104073
2932,0,2104081
2933,0,2104099
2934,0,2104107
2935,0,2104206
2936,0,2104305
2937,0,2104404
2938,0,2104503
2939,0,2104552
2940,0,2104602
2941,0,2104628
2942,0,2104651
2943,0,2104677
2944,0,2104701
2945,0,2104800
2946,0,2104909
2947,0,2105005
2948,0,2105104
2949,0,2105153
2950,0,2105203
2951,0,2105302
2952,0,2105351
2953,0,2105401
2954,0,2105427
2955,0,2105450
2956,0,2105476
2957,0,2105500
2958,0,2105609
2959,0,2105658
2960,0,2105708
2961,0,2105807
2962,0,2105948
2963,0,2105906
2964,0,2105922
2965,0,2105963
2966,0,2105989
2967,0,2106003
2968,0,2106102
2969,0,2106201
2970,0,2106300
2971,0,2106326
2972,0,2106359
2973,0,2106375
2974,0,2106409
2975,0,2106508
2976,0,2106607
2977,0,2106631
2978,0,2106672
2979,0,2106706
2980,0,2106755
2981,0,2106805
2982,0,2106904
2983,0,2107001
2984,0,2107100
2985,0,2107209
2986,0,2107258
2987,0,2107308
2988,0,2107357
2989,0,2107407
2990,0,2107456
2991,0,2107506
2992,0,2107605
2993,0,2107704
2994,0,2107803
2995,0,2107902
2996,0,2108009
2997,0,2108058
2998,0,2108108
2999,0,2108207
3000,0,2108256
3001,0,2108306
3002,0,2108405
3003,0,2108454
3004,0,2108504
3005,0,2108603
3006,0,2108702
3007,0,2108801
3008,0,2108900
3009,0,2109007
3010,0,2109056
3011,0,2109106
3012,0,2109205
3013,0,2109239
3014,0,2109270
3015,0,2109304
3016,0,2109403
3017,0,2109452
3018,0,2109502
3019,0,2109551
3020,0,2109601
3021,0,2109700
3022,0,2109759
3023,0,2109809
3024,0,2109908
3025,0,2110005
3026,0,2110039
3027,0,2110104
3028,0,2110203
3029,0,2110237
3030,0,2110278
3031,0,2110302
3032,0,2110401
3033,0,2110500
3034,0,2110609
3035,0,2110658
3036,0,2110708
3037,0,2110807
3038,0,2110856
3039,0,2110906
3040,0,2111003
3041,0,2111029
3042,0,2111052
3043,0,2111078
3044,0,2111102
3045,0,2111201
3046,0,2111250
3047,0,2111300
3048,0,2111409
3049,0,2111508
3050,0,2111532
3051,0,2111573
3052,0,2111607
3053,0,2111631
3054,0,2111672
3055,0,2111706
3056,0,2111722
3057,0,2111748
3058,0,2111763
3059,0,2111789
3060,0,2111805
3061,0,2111904
3062,0,2111953
3063,0,2112001
3064,0,2112100
3065,0,2112209
3066,0,2112233
3067,0,2112274
3068,0,2112308
3069,0,2112407
3070,0,2112456
3071,0,2112506
3072,0,2112605
3073,0,2112704
3074,0,2112803
3075,0,2112852
3076,0,2112902
3077,0,2113009
3078,0,2114007
3079,0,2400109
3080,0,2400208
3081,0,2400307
3082,0,2400406
3083,0,2400505
3084,0,2400604
3085,0,2400703
3086,0,2400802
3087,0,2400901
3088,0,2401008
3089,0,2401107
3090,0,2401206
3091,0,2401305
3092,0,2401404
3093,0,2401453
3094,0,2401503
3095,0,2401602
3096,0,2401651
3097,0,2401701
3098,0,2401800
3099,0,2401859
3100,0,2401909
3101,0,2402006
3102,0,2402105
3103,0,2402204
3104,0,2402303
3105,0,2402402
3106,0,2402501
3107,0,2402600
3108,0,2402709
3109,0,2402808
3110,0,2402907
3111,0,2403004
3112,0,2403103
3113,0,2403202
3114,0,2403301
3115,0,2403400
3116,0,2403509
3117,0,2403608
3118,0,2403707
3119,0,2403756
3120,0,2403806
3121,0,2403905
3122,0,2404002
3123,0,2404101
3124,0,2404200
3125,0,2404309
3126,0,2404408
3127,0,2404507
3128,0,2404606
3129,0,2404705
3130,0,2404804
3131,0,2404853
3132,0,2404903
3133,0,2405009
3134,0,2405108
3135,0,2405207
3136,0,2405306
3137,0,2405405
3138,0,2405504
3139,0,2405603
3140,0,2405702
3141,0,2405801
3142,0,2405900
3143,0,2406007
3144,0,2406106
3145,0,2406155
3146,0,2406205
3147,0,2406304
3148,0,2406403
3149,0,2406502
3150,0,2406601
3151,0,2406700
3152,0,2406809
3153,0,2406908
3154,0,2407005
3155,0,2407104
3156,0,2407203
3157,0,2407252
3158,0,2407302
3159,0,2407401
3160,0,2407500
3161,0,2407609
3162,0,2407708
3163,0,2407807
3164,0,2407906
3165,0,2408003
3166,0,2408102
3167,0,2408201
3168,0,2408300
3169,0,2408409
3170,0,2408508
3171,0,2408607
3172,0,2408706
3173,0,2408805
3174,0,2408904
3175,0,2403251
3176,0,2409100
3177,0,2409209
3178,0,2409308
3179,0,2409407
3180,0,2409506
3181,0,2409605
3182,0,2409704
3183,0,2409803
3184,0,2409902
3185,0,2410009
3186,0,2410108
3187,0,2410207
3188,0,2410256
3189,0,2410405
3190,0,2410504
3191,0,2410603
3192,0,2410702
3193,0,2410801
3194,0,2410900
3195,0,2408953
3196,0,2411007
3197,0,2411106
3198,0,2411205
3199,0,2409332
3200,0,2411403
3201,0,2411429
3202,0,2411502
3203,0,2411601
3204,0,2411700
3205,0,2411809
3206,0,2411908
3207,0,2412005
3208,0,2412104
3209,0,2412203
3210,0,2412302
3211,0,2412401
3212,0,2412500
3213,0,2412559
3214,0,2412609
3215,0,2412708
3216,0,2412807
3217,0,2412906
3218,0,2413003
3219,0,2413102
3220,0,2413201
3221,0,2410306
3222,0,2413300
3223,0,2413359
3224,0,2413409
3225,0,2413508
3226,0,2413557
3227,0,2413607
3228,0,2413706
3229,0,2413805
3230,0,2413904
3231,0,2414001
3232,0,2414100
3233,0,2414159
3234,0,2411056
3235,0,2414209
3236,0,2414308
3237,0,2414407
3238,0,2414456
3239,0,2414506
3240,0,2414605
3241,0,2414704
3242,0,2414753
3243,0,2414803
3244,0,2414902
3245,0,2415008
3246,0,2200053
3247,0,2200103
3248,0,2200202
3249,0,2200251
3250,0,2200277
3251,0,2200301
3252,0,2200400
3253,0,2200459
3254,0,2200509
3255,0,2200608
3256,0,2200707
3257,0,2200806
3258,0,2200905
3259,0,2200954
3260,0,2201002
3261,0,2201051
3262,0,2201101
3263,0,2201150
3264,0,2201176
3265,0,2201200
3266,0,2201309
3267,0,2201408
3268,0,2201507
3269,0,2201556
3270,0,2201572
3271,0,2201606
3272,0,2201705
3273,0,2201739
3274,0,2201770
3275,0,2201804
3276,0,2201903
3277,0,2201919
3278,0,2201929
3279,0,2201945
3280,0,2201960
3281,0,2201988
3282,0,2202000
3283,0,2202026
3284,0,2202059
3285,0,2202075
3286,0,2202083
3287,0,2202091
3288,0,2202109
3289,0,2202117
3290,0,2202133
3291,0,2202174
3292,0,2202208
3293,0,2202251
3294,0,2202307
3295,0,2202406
3296,0,2202455
3297,0,2202505
3298,0,2202539
3299,0,2202554
3300,0,2202604
3301,0,2202653
3302,0,2202703
3303,0,2202711
3304,0,2202729
3305,0,2202737
3306,0,2202752
3307,0,2202778
3308,0,2202802
3309,0,2202851
3310,0,2202901
3311,0,2203008
3312,0,2203107
3313,0,2203206
3314,0,2203230
3315,0,2203271
3316,0,2203255
3317,0,2203305
3318,0,2203354
3319,0,2203404
3320,0,2203453
3321,0,2203420
3322,0,2203503
3323,0,2203602
3324,0,2203701
3325,0,2203750
3326,0,2203800
3327,0,2203859
3328,0,2203909
3329,0,2204006
3330,0,2204105
3331,0,2204154
3332,0,2204204
3333,0,2204303
3334,0,2204352
3335,0,2204402
3336,0,2204501
3337,0,2204550
3338,0,2204600
3339,0,2204659
3340,0,2204709
3341,0,2204808
3342,0,2204907
3343,0,2205003
3344,0,2205102
3345,0,2205151
3346,0,2205201
3347,0,2205250
3348,0,2205276
3349,0,2205300
3350,0,2205359
3351,0,2205409
3352,0,2205458
3353,0,2205508
3354,0,2205516
3355,0,2205524
3356,0,2205532
3357,0,2205557
3358,0,2205573
3359,0,2205565
3360,0,2205581
3361,0,2205599
3362,0,2205540
3363,0,2205607
3364,0,2205706
3365,0,2205805
3366,0,2205854
3367,0,2205904
3368,0,2205953
3369,0,2206001
3370,0,2206050
3371,0,2206100
3372,0,2206209
3373,0,2206308
3374,0,2206357
3375,0,2206407
3376,0,2206506
3377,0,2206605
3378,0,2206654
3379,0,2206670
3380,0,2206696
3381,0,2206704
3382,0,2206720
3383,0,2206753
3384,0,2206803
3385,0,2207959
3386,0,2206902
3387,0,2206951
3388,0,2207009
3389,0,2207108
3390,0,2207207
3391,0,2207306
3392,0,2207355
3393,0,2207405
3394,0,2207504
3395,0,2207553
3396,0,2207603
3397,0,2207702
3398,0,2207751
3399,0,2207777
3400,0,2207793
3401,0,2207801
3402,0,2207850
3403,0,2207900
3404,0,2207934
3405,0,2208007
3406,0,2208106
3407,0,2208205
3408,0,2208304
3409,0,2208403
3410,0,2208502
3411,0,2208551
3412,0,2208601
3413,0,2208650
3414,0,2208700
3415,0,2208809
3416,0,2208858
3417,0,2208874
3418,0,2208908
3419,0,2209005
3420,0,2209104
3421,0,2209153
3422,0,2209203
3423,0,2209302
3424,0,2209377
3425,0,2209351
3426,0,2209401
3427,0,2209450
3428,0,2209500
3429,0,2209559
3430,0,2209609
3431,0,2209658
3432,0,2209708
3433,0,2209757
3434,0,2209807
3435,0,2209856
3436,0,2209872
3437,0,2209906
3438,0,2209955
3439,0,2209971
3440,0,2210003
3441,0,2210052
3442,0,2210102
3443,0,2210201
3444,0,2210300
3445,0,2210359
3446,0,2210375
3447,0,2210383
3448,0,2210391
3449,0,2210409
3450,0,2210508
3451,0,2210607
3452,0,2210623
3453,0,2210631
3454,0,2210656
3455,0,2210706
3456,0,2210805
3457,0,2210904
3458,0,2210938
3459,0,2210953
3460,0,2210979
3461,0,2211001
3462,0,2211100
3463,0,2211209
3464,0,2211308
3465,0,2211357
3466,0,2211407
3467,0,2211506
3468,0,2211605
3469,0,2211704
3470,1,4300034
3471,1,4300059
3472,1,4300109
3473,1,4300208
3474,1,4300307
3475,1,4300406
3476,1,4300455
3477,1,4300471
3478,1,4300505
3479,1,4300554
3480,1,4300570
3481,1,4300604
3482,1,4300638
3483,1,4300646
3484,1,4300661
3485,1,4300703
3486,1,4300802
3487,1,4300851
3488,1,4300877
3489,1,4300901
3490,1,4301008
3491,1,4301073
3492,1,4301057
3493,1,4301206
3494,1,4301107
3495,1,4301305
3496,1,4301404
3497,1,4301503
3498,1,4301552
3499,1,4301602
3500,1,4301636
3501,1,4301651
3502,1,4301701
3503,1,4301750
3504,1,4301859
3505,1,4301875
3506,1,4301909
3507,1,4301925
3508,1,4301958
3509,1,4301800
3510,1,4302006
3511,1,4302055
3512,1,4302105
3513,1,4302154
3514,1,4302204
3515,1,4302220
3516,1,4302238
3517,1,4302253
3518,1,4302303
3519,1,4302352
3520,1,4302378
3521,1,4302402
3522,1,4302451
3523,1,4302501
3524,1,4302584
3525,1,4302600
3526,1,4302659
3527,1,4302709
3528,1,4302808
3529,1,4302907
3530,1,4303004
3531,1,4303103
3532,1,4303202
3533,1,4303301
3534,1,4303400
3535,1,4303509
3536,1,4303558
3537,1,4303608
3538,1,4303673
3539,1,4303707
3540,1,4303806
3541,1,4303905
3542,1,4304002
3543,1,4304101
3544,1,4304200
3545,1,4304309
3546,1,4304358
3547,1,4304408
3548,1,4304507
3549,1,4304606
3550,1,4304614
3551,1,4304622
3552,1,4304630
3553,1,4304655
3554,1,4304663
3555,1,4304689
3556,1,4304697
3557,1,4304671
3558,1,4304713
3559,1,4304705
3560,1,4304804
3561,1,4304853
3562,1,4304903
3563,1,4304952
3564,1,4305009
3565,1,4305108
3566,1,4305116
3567,1,4305124
3568,1,4305132
3569,1,4305157
3570,1,4305173
3571,1,4305207
3572,1,4305306
3573,1,4305355
3574,1,4305371
3575,1,4305405
3576,1,4305439
3577,1,4305447
3578,1,4305454
3579,1,4305504
3580,1,4305587
3581,1,4305603
3582,1,4305702
3583,1,4305801
3584,1,4305835
3585,1,4305850
3586,1,4305871
3587,1,4305900
3588,1,4305934
3589,1,4305959
3590,1,4305975
3591,1,4306007
3592,1,4306056
3593,1,4306072
3594,1,4306106
3595,1,4306130
3596,1,4306205
3597,1,4306304
3598,1,4306320
3599,1,4306353
3600,1,4306379
3601,1,4306403
3602,1,4306429
3603,1,4306452
3604,1,4306502
3605,1,4306601
3606,1,4306551
3607,1,4306700
3608,1,4306734
3609,1,4306759
3610,1,4306767
3611,1,4306809
3612,1,4306908
3613,1,4306924
3614,1,4306957
3615,1,4306932
3616,1,4306973
3617,1,4307005
3618,1,4307054
3619,1,4307203
3620,1,4307302
3621,1,4307401
3622,1,4307450
3623,1,4307500
3624,1,4307559
3625,1,4307609
3626,1,4307708
3627,1,4307807
3628,1,4307815
3629,1,4307831
3630,1,4307864
3631,1,4307906
3632,1,4308003
3633,1,4308052
3634,1,4308078
3635,1,4308102
3636,1,4308201
3637,1,4308250
3638,1,4308300
3639,1,4308409
3640,1,4308433
3641,1,4308458
3642,1,4308508
3643,1,4308607
3644,1,4308656
3645,1,4308706
3646,1,4308805
3647,1,4308854
3648,1,4308904
3649,1,4309001
3650,1,4309050
3651,1,4309100
3652,1,4309126
3653,1,4309159
3654,1,4309209
3655,1,4309258
3656,1,4309308
3657,1,4309407
3658,1,4309506
3659,1,4309555
3660,1,4307104
3661,1,4309571
3662,1,4309605
3663,1,4309654
3664,1,4309704
3665,1,4309753
3666,1,4309803
3667,1,4309902
3668,1,4309951
3669,1,4310009
3670,1,4310108
3671,1,4310207
3672,1,4310306
3673,1,4310330
3674,1,4310363
3675,1,4310405
3676,1,4310413
3677,1,4310439
3678,1,4310462
3679,1,4310504
3680,1,4310538
3681,1,4310553
3682,1,4310579
3683,1,4310603
3684,1,4310652
3685,1,4310702
3686,1,4310751
3687,1,4310801
3688,1,4310850
3689,1,4310876
3690,1,4310900
3691,1,4311007
3692,1,4311106
3693,1,4311122
3694,1,4311130
3695,1,4311155
3696,1,4311205
3697,1,4311239
3698,1,4311270
3699,1,4311304
3700,1,4311254
3701,1,4311403
3702,1,4311429
3703,1,4311502
3704,1,4311601
3705,1,4311627
3706,1,4311643
3707,1,4311718
3708,1,4311700
3709,1,4311734
3710,1,4311759
3711,1,4311775
3712,1,4311791
3713,1,4311809
3714,1,4311908
3715,1,4311981
3716,1,4312005
3717,1,4312054
3718,1,4312104
3719,1,4312138
3720,1,4312153
3721,1,4312179
3722,1,4312203
3723,1,4312252
3724,1,4312302
3725,1,4312351
3726,1,4312377
3727,1,4312385
3728,1,4312401
3729,1,4312427
3730,1,4312443
3731,1,4312450
3732,1,4312476
3733,1,4312500
3734,1,4312609
3735,1,4312617
3736,1,4312625
3737,1,4312658
3738,1,4312674
3739,1,4312708
3740,1,4312757
3741,1,4312807
3742,1,4312906
3743,1,4312955
3744,1,4313003
3745,1,4313011
3746,1,4313037
3747,1,4313060
3748,1,4313086
3749,1,4313102
3750,1,4313201
3751,1,4313300
3752,1,4313334
3753,1,4313359
3754,1,4313375
3755,1,4313490
3756,1,4313391
3757,1,4313409
3758,1,4313425
3759,1,4313441
3760,1,4313466
3761,1,4313508
3762,1,4313607
3763,1,4313656
3764,1,4313706
3765,1,4313805
3766,1,4313904
3767,1,4313953
3768,1,4314001
3769,1,4314027
3770,1,4314035
3771,1,4314050
3772,1,4314068
3773,1,4314076
3774,1,4314100
3775,1,4314134
3776,1,4314159
3777,1,4314175
3778,1,4314209
3779,1,4314308
3780,1,4314407
3781,1,4314423
3782,1,4314456
3783,1,4314464
3784,1,4314472
3785,1,4314498
3786,1,4314506
3787,1,4314548
3788,1,4314555
3789,1,4314605
3790,1,4314704
3791,1,4314753
3792,1,4314779
3793,1,4314787
3794,1,4314803
3795,1,4314902
3796,1,4315008
3797,1,4315057
3798,1,4315073
3799,1,4315107
3800,1,4315131
3801,1,4315149
3802,1,4315156
3803,1,4315172
3804,1,4315206
3805,1,4315305
3806,1,4315313
3807,1,4315321
3808,1,4315354
3809,1,4315404
3810,1,4315453
3811,1,4315503
3812,1,4315552
3813,1,4315602
3814,1,4315701
3815,1,4315750
3816,1,4315800
3817,1,4315909
3818,1,4315958
3819,1,4316006
3820,1,4316105
3821,1,4316204
3822,1,4316303
3823,1,4316402
3824,1,4316428
3825,1,4316436
3826,1,4316451
3827,1,4316477
3828,1,4316501
3829,1,4316600
3830,1,4317103
3831,1,4316709
3832,1,4316733
3833,1,4316758
3834,1,4316808
3835,1,4316972
3836,1,4316907
3837,1,4316956
3838,1,4317202
3839,1,4317251
3840,1,4317301
3841,1,4317004
3842,1,4317400
3843,1,4317509
3844,1,4317608
3845,1,4317707
3846,1,4317558
3847,1,4317756
3848,1,4317806
3849,1,4317905
3850,1,4317954
3851,1,4318002
3852,1,4318051
3853,1,4318101
3854,1,4318200
3855,1,4318309
3856,1,4318408
3857,1,4318424
3858,1,4318432
3859,1,4318440
3860,1,4318457
3861,1,4318465
3862,1,4318481
3863,1,4318499
3864,1,4318507
3865,1,4318606
3866,1,4318614
3867,1,4318622
3868,1,4318705
3869,1,4318804
3870,1,4318903
3871,1,4319000
3872,1,4319109
3873,1,4319125
3874,1,4319158
3875,1,4319208
3876,1,4319307
3877,1,4319356
3878,1,4319364
3879,1,4319372
3880,1,4319406
3881,1,4319505
3882,1,4319604
3883,1,4319703
3884,1,4319711
3885,1,4319737
3886,1,4319752
3887,1,4319802
3888,1,4319901
3889,1,4320008
3890,1,4320107
3891,1,4320206
3892,1,4320230
3893,1,4320263
3894,1,4320305
3895,1,4320321
3896,1,4320354
3897,1,4320404
3898,1,4320453
3899,1,4320503
3900,1,4320552
3901,1,4320578
3902,1,4320602
3903,1,4320651
3904,1,4320677
3905,1,4320701
3906,1,4320800
3907,1,4320859
3908,1,4320909
3909,1,4321006
3910,1,4321105
3911,1,4321204
3912,1,4321303
3913,1,4321329
3914,1,4321352
3915,1,4321402
3916,1,4321436
3917,1,4321451
3918,1,4321469
3919,1,4321477
3920,1,4321493
3921,1,4321501
3922,1,4321600
3923,1,4321626
3924,1,4321634
3925,1,4321667
3926,1,4321709
3927,1,4321808
3928,1,4321832
3929,1,4321857
3930,1,4321907
3931,1,4321956
3932,1,4322004
3933,1,4322103
3934,1,4322152
3935,1,4322186
3936,1,4322202
3937,1,4322251
3938,1,4322301
3939,1,4322327
3940,1,4322343
3941,1,4322350
3942,1,4322376
3943,1,4322400
3944,1,4322509
3945,1,4322533
3946,1,4322541
3947,1,4322525
3948,1,4322558
3949,1,4322608
3950,1,4322707
3951,1,4322806
3952,1,4322855
3953,1,4322905
3954,1,4323002
3955,1,4323101
3956,1,4323200
3957,1,4323309
3958,1,4323358
3959,1,4323408
3960,1,4323457
3961,1,4323507
3962,1,4323606
3963,1,4323705
3964,1,4323754
3965,1,4323770
3966,1,4323804
3967,0,5100102
3968,0,5100201
3969,0,5100250
3970,0,5100300
3971,0,5100359
3972,0,5100409
3973,0,5100508
3974,0,5100607
3975,0,5100805
3976,0,5101001
3977,0,5101209
3978,0,5101258
3979,0,5101308
3980,0,5101407
3981,0,5101605
3982,0,5101704
3983,0,5101803
3984,0,5101852
3985,0,5101902
3986,0,5102504
3987,0,5102603
3988,0,5102637
3989,0,5102678
3990,0,5102686
3991,0,5102694
3992,0,5102702
3993,0,5102793
3994,0,5102850
3995,0,5103007
3996,0,5103056
3997,0,5103106
3998,0,5103205
3999,0,5103254
4000,0,5103304
4001,0,5103353
4002,0,5103361
4003,0,5103379
4004,0,5103403
4005,0,5103437
4006,0,5103452
4007,0,5103502
4008,0,5103601
4009,0,5103700
4010,0,5103809
4011,0,5103858
4012,0,5103908
4013,0,5103957
4014,0,5104104
4015,0,5104203
4016,0,5104500
4017,0,5104526
4018,0,5104542
4019,0,5104559
4020,0,5104609
4021,0,5104807
4022,0,5104906
4023,0,5105002
4024,0,5105101
4025,0,5105150
4026,0,5105176
4027,0,5105200
4028,0,5105234
4029,0,5105259
4030,0,5105309
4031,0,5105580
4032,0,5105606
4033,0,5105622
4034,0,5105903
4035,0,5106000
4036,0,5106109
4037,0,5106158
4038,0,5106208
4039,0,5106216
4040,0,5108808
4041,0,5106182
4042,0,5108857
4043,0,5108907
4044,0,5108956
4045,0,5106224
4046,0,5106174
4047,0,5106232
4048,0,5106190
4049,0,5106240
4050,0,5106257
4051,0,5106273
4052,0,5106265
4053,0,5106315
4054,0,5106281
4055,0,5106299
4056,0,5106307
4057,0,5106372
4058,0,5106422
4059,0,5106455
4060,0,5106505
4061,0,5106653
4062,0,5106703
4063,0,5106752
4064,0,5106778
4065,0,5106802
4066,0,5106828
4067,0,5106851
4068,0,5107008
4069,0,5107040
4070,0,5107065
4071,0,5107156
4072,0,5107180
4073,0,5107198
4074,0,5107206
4075,0,5107578
4076,0,5107602
4077,0,5107701
4078,0,5107750
4079,0,5107248
4080,0,5107743
4081,0,5107768
4082,0,5107776
4083,0,5107263
4084,0,5107792
4085,0,5107800
4086,0,5107859
4087,0,5107297
4088,0,5107305
4089,0,5107354
4090,0,5107107
4091,0,5107404
4092,0,5107875
4093,0,5107883
4094,0,5107909
4095,0,5107925
4096,0,5107941
4097,0,5107958
4098,0,5108006
4099,0,5108055
4100,0,5108105
4101,0,5108204
4102,0,5108303
4103,0,5108352
4104,0,5108402
4105,0,5108501
4106,0,5105507
4107,0,5108600
4108,0,1200013
4109,0,1200054
4110,0,1200104
4111,0,1200138
4112,0,1200179
4113,0,1200203
4114,0,1200252
4115,0,1200302
4116,0,1200328
4117,0,1200336
4118,0,1200344
4119,0,1200351
4120,0,1200385
4121,0,1200807
4122,0,1200393
4123,0,1200401
4124,0,1200427
4125,0,1200435
4126,0,1200500
4127,0,1200450
4128,0,1200609
4129,0,1200708
4130,1,3500105
4131,1,3500204
4132,1,3500303
4133,1,3500402
4134,1,3500501
4135,1,3500550
4136,1,3500600
4137,1,3500709
4138,1,3500758
4139,1,3500808
4140,1,3500907
4141,1,3501004
4142,1,3501103
4143,1,3501152
4144,1,3501202
4145,1,3501301
4146,1,3501400
4147,1,3501509
4148,1,3501608
4149,1,3501707
4150,1,3501806
4151,1,3501905
4152,1,3502002
4153,1,3502101
4154,1,3502200
4155,1,3502309
4156,1,3502408
4157,1,3502507
4158,1,3502606
4159,1,3502705
4160,1,3502754
4161,1,3502804
4162,1,3502903
4163,1,3503000
4164,1,3503109
4165,1,3503158
4166,1,3503208
4167,1,3503307
4168,1,3503356
4169,1,3503406
4170,1,3503505
4171,1,3503604
4172,1,3503703
4173,1,3503802
4174,1,3503901
4175,1,3503950
4176,1,3504008
4177,1,3504107
4178,1,3504206
4179,1,3504305
4180,1,3504404
4181,1,3504503
4182,1,3504602
4183,1,3504701
4184,1,3504800
4185,1,3504909
4186,1,3505005
4187,1,3505104
4188,1,3505203
4189,1,3505302
4190,1,3505351
4191,1,3505401
4192,1,3505500
4193,1,3505609
4194,1,3505708
4195,1,3505807
4196,1,3505906
4197,1,3506003
4198,1,3506102
4199,1,3506201
4200,1,3506300
4201,1,3506359
4202,1,3506409
4203,1,3506508
4204,1,3506607
4205,1,3506706
4206,1,3506805
4207,1,3506904
4208,1,3507001
4209,1,3507100
4210,1,3507159
4211,1,3507209
4212,1,3507308
4213,1,3507407
4214,1,3507456
4215,1,3507506
4216,1,3507605
4217,1,3507704
4218,1,3507753
4219,1,3507803
4220,1,3507902
4221,1,3508009
4222,1,3508108
4223,1,3508207
4224,1,3508306
4225,1,3508405
4226,1,3508504
4227,1,3508603
4228,1,3508702
4229,1,3508801
4230,1,3508900
4231,1,3509007
4232,1,3509106
4233,1,3509205
4234,1,3509254
4235,1,3509304
4236,1,3509403
4237,1,3509452
4238,1,3509502
4239,1,3509601
4240,1,3509700
4241,1,3509809
4242,1,3509908
4243,1,3509957
4244,1,3510005
4245,1,3510104
4246,1,3510153
4247,1,3510203
4248,1,3510302
4249,1,3510401
4250,1,3510500
4251,1,3510609
4252,1,3510708
4253,1,3510807
4254,1,3510906
4255,1,3511003
4256,1,3511102
4257,1,3511201
4258,1,3511300
4259,1,3511409
4260,1,3511508
4261,1,3511607
4262,1,3511706
4263,1,3557204
4264,1,3511904
4265,1,3512001
4266,1,3512100
4267,1,3512209
4268,1,3512308
4269,1,3512407
4270,1,3512506
4271,1,3512605
4272,1,3512704
4273,1,3512803
4274,1,3512902
4275,1,3513009
4276,1,3513108
4277,1,3513207
4278,1,3513306
4279,1,3513405
4280,1,3513504
4281,1,3513603
4282,1,3513702
4283,1,3513801
4284,1,3513850
4285,1,3513900
4286,1,3514007
4287,1,3514106
4288,1,3514205
4289,1,3514304
4290,1,3514403
4291,1,3514502
4292,1,3514601
4293,1,3514700
4294,1,3514809
4295,1,3514908
4296,1,3514924
4297,1,3514957
4298,1,3515004
4299,1,3515103
4300,1,3515129
4301,1,3515152
4302,1,3515186
4303,1,3515194
4304,1,3557303
4305,1,3515202
4306,1,3515301
4307,1,3515350
4308,1,3515400
4309,1,3515608
4310,1,3515509
4311,1,3515657
4312,1,3515707
4313,1,3515806
4314,1,3515905
4315,1,3516002
4316,1,3516101
4317,1,3516200
4318,1,3516309
4319,1,3516408
4320,1,3516507
4321,1,3516606
4322,1,3516705
4323,1,3516804
4324,1,3516853
4325,1,3516903
4326,1,3517000
4327,1,3517109
4328,1,3517208
4329,1,3517307
4330,1,3517406
4331,1,3517505
4332,1,3517604
4333,1,3517703
4334,1,3517802
4335,1,3517901
4336,1,3518008
4337,1,3518107
4338,1,3518206
4339,1,3518305
4340,1,3518404
4341,1,3518503
4342,1,3518602
4343,1,3518701
4344,1,3518800
4345,1,3518859
4346,1,3518909
4347,1,3519006
4348,1,3519055
4349,1,3519071
4350,1,3519105
4351,1,3519204
4352,1,3519253
4353,1,3519303
4354,1,3519402
4355,1,3519501
4356,1,3519600
4357,1,3519709
4358,1,3519808
4359,1,3519907
4360,1,3520004
4361,1,3520103
4362,1,3520202
4363,1,3520301
4364,1,3520426
4365,1,3520442
4366,1,3520400
4367,1,3520509
4368,1,3520608
4369,1,3520707
4370,1,3520806
4371,1,3520905
4372,1,3521002
4373,1,3521101
4374,1,3521150
4375,1,3521200
4376,1,3521309
4377,1,3521408
4378,1,3521507
4379,1,3521606
4380,1,3521705
4381,1,3521804
4382,1,3521903
4383,1,3522000
4384,1,3522109
4385,1,3522158
4386,1,3522208
4387,1,3522307
4388,1,3522406
4389,1,3522505
4390,1,3522604
4391,1,3522653
4392,1,3522703
4393,1,3522802
4394,1,3522901
4395,1,3523008
4396,1,3523107
4397,1,3523206
4398,1,3523305
4399,1,3523404
4400,1,3523503
4401,1,3523602
4402,1,3523701
4403,1,3523800
4404,1,3523909
4405,1,3524006
4406,1,3524105
4407,1,3524204
4408,1,3524303
4409,1,3524402
4410,1,3524501
4411,1,3524600
4412,1,3524709
4413,1,3524808
4414,1,3524907
4415,1,3525003
4416,1,3525102
4417,1,3525201
4418,1,3525300
4419,1,3525409
4420,1,3525508
4421,1,3525607
4422,1,3525706
4423,1,3525805
4424,1,3525854
4425,1,3525904
4426,1,3526001
4427,1,3526100
4428,1,3526209
4429,1,3526308
4430,1,3526407
4431,1,3526506
4432,1,3526605
4433,1,3526704
4434,1,3526803
4435,1,3526902
4436,1,3527009
4437,1,3527108
4438,1,3527207
4439,1,3527256
4440,1,3527306
4441,1,3527405
4442,1,3527504
4443,1,3527603
4444,1,3527702
4445,1,3527801
4446,1,3527900
4447,1,3528007
4448,1,3528106
4449,1,3528205
4450,1,3528304
4451,1,3528403
4452,1,3528502
4453,1,3528601
4454,1,3528700
4455,1,3528809
4456,1,3528858
4457,1,3528908
4458,1,3529005
4459,1,3529104
4460,1,3529203
4461,1,3529302
4462,1,3529401
4463,1,3529500
4464,1,3529609
4465,1,3529658
4466,1,3529708
4467,1,3529807
4468,1,3530003
4469,1,3529906
4470,1,3530102
4471,1,3530201
4472,1,3530300
4473,1,3530409
4474,1,3530508
4475,1,3530607
4476,1,3530706
4477,1,3530805
4478,1,3530904
4479,1,3531001
4480,1,3531100
4481,1,3531209
4482,1,3531308
4483,1,3531407
4484,1,3531506
4485,1,3531605
4486,1,3531803
4487,1,3531704
4488,1,3531902
4489,1,3532009
4490,1,3532058
4491,1,3532108
4492,1,3532157
4493,1,3532207
4494,1,3532306
4495,1,3532405
4496,1,3532504
4497,1,3532603
4498,1,3532702
4499,1,3532801
4500,1,3532827
4501,1,3532843
4502,1,3532868
4503,1,3532900
4504,1,3533007
4505,1,3533106
4506,1,3533205
4507,1,3533304
4508,1,3533403
4509,1,3533254
4510,1,3533502
4511,1,3533601
4512,1,3533700
4513,1,3533809
4514,1,3533908
4515,1,3534005
4516,1,3534104
4517,1,3534203
4518,1,3534302
4519,1,3534401
4520,1,3534500
4521,1,3534609
4522,1,3534708
4523,1,3534807
4524,1,3534757
4525,1,3534906
4526,1,3535002
4527,1,3535101
4528,1,3535200
4529,1,3535309
4530,1,3535408
4531,1,3535507
4532,1,3535606
4533,1,3535705
4534,1,3535804
4535,1,3535903
4536,1,3536000
4537,1,3536109
4538,1,3536208
4539,1,3536257
4540,1,3536307
4541,1,3536406
4542,1,3536505
4543,1,3536570
4544,1,3536604
4545,1,3536703
4546,1,3536802
4547,1,3536901
4548,1,3537008
4549,1,3537107
4550,1,3537156
4551,1,3537206
4552,1,3537305
4553,1,3537404
4554,1,3537503
4555,1,3537602
4556,1,3537701
4557,1,3537800
4558,1,3537909
4559,1,3538006
4560,1,3538105
4561,1,3538204
4562,1,3538303
4563,1,3538501
4564,1,3538600
4565,1,3538709
4566,1,3538808
4567,1,3538907
4568,1,3539004
4569,1,3539103
4570,1,3539202
4571,1,3539301
4572,1,3539400
4573,1,3539509
4574,1,3539608
4575,1,3539707
4576,1,3539806
4577,1,3539905
4578,1,3540002
4579,1,3540101
4580,1,3540200
4581,1,3540259
4582,1,3540309
4583,1,3540408
4584,1,3540507
4585,1,3540606
4586,1,3540705
4587,1,3540754
4588,1,3540804
4589,1,3540853
4590,1,3540903
4591,1,3541000
4592,1,3541059
4593,1,3541109
4594,1,3541208
4595,1,3541307
4596,1,3541406
4597,1,3541505
4598,1,3541604
4599,1,3541653
4600,1,3541703
4601,1,3541802
4602,1,3541901
4603,1,3542008
4604,1,3542107
4605,1,3542206
4606,1,3542305
4607,1,3542404
4608,1,3542503
4609,1,3542602
4610,1,3542701
4611,1,3542800
4612,1,3542909
4613,1,3543006
4614,1,3543105
4615,1,3543204
4616,1,3543238
4617,1,3543253
4618,1,3543303
4619,1,3543402
4620,1,3543600
4621,1,3543709
4622,1,3543808
4623,1,3543907
4624,1,3544004
4625,1,3544103
4626,1,3544202
4627,1,3543501
4628,1,3544251
4629,1,3544301
4630,1,3544400
4631,1,3544509
4632,1,3544608
4633,1,3544707
4634,1,3544806
4635,1,3544905
4636,1,3545001
4637,1,3545100
4638,1,3545159
4639,1,3545209
4640,1,3545308
4641,1,3545407
4642,1,3545506
4643,1,3545605
4644,1,3545704
4645,1,3545803
4646,1,3546009
4647,1,3546108
4648,1,3546207
4649,1,3546256
4650,1,3546306
4651,1,3546405
4652,1,3546504
4653,1,3546603
4654,1,3546702
4655,1,3546801
4656,1,3546900
4657,1,3547007
4658,1,3547106
4659,1,3547403
4660,1,3547502
4661,1,3547601
4662,1,3547650
4663,1,3547205
4664,1,3547304
4665,1,3547700
4666,1,3547809
4667,1,3547908
4668,1,3548005
4669,1,3548054
4670,1,3548104
4671,1,3548203
4672,1,3548302
4673,1,3548401
4674,1,3548500
4675,1,3548609
4676,1,3548708
4677,1,3548807
4678,1,3548906
4679,1,3549003
4680,1,3549102
4681,1,3549201
4682,1,3549250
4683,1,3549300
4684,1,3549409
4685,1,3549508
4686,1,3549607
4687,1,3549706
4688,1,3549805
4689,1,3549904
4690,1,3549953
4691,1,3550001
4692,1,3550100
4693,1,3550209
4694,1,3550308
4695,1,3550407
4696,1,3550506
4697,1,3550605
4698,1,3550704
4699,1,3550803
4700,1,3550902
4701,1,3551009
4702,1,3551108
4703,1,3551207
4704,1,3551306
4705,1,3551405
4706,1,3551603
4707,1,3551504
4708,1,3551702
4709,1,3551801
4710,1,3551900
4711,1,3552007
4712,1,3552106
4713,1,3552205
4714,1,3552304
4715,1,3552403
4716,1,3552551
4717,1,3552502
4718,1,3552601
4719,1,3552700
4720,1,3552809
4721,1,3552908
4722,1,3553005
4723,1,3553104
4724,1,3553203
4725,1,3553302
4726,1,3553401
4727,1,3553500
4728,1,3553609
4729,1,3553658
4730,1,3553708
4731,1,3553807
4732,1,3553856
4733,1,3553906
4734,1,3553955
4735,1,3554003
4736,1,3554102
4737,1,3554201
4738,1,3554300
4739,1,3554409
4740,1,3554508
4741,1,3554607
4742,1,3554656
4743,1,3554706
4744,1,3554755
4745,1,3554805
4746,1,3554904
4747,1,3554953
4748,1,3555000
4749,1,3555109
4750,1,3555208
4751,1,3555307
4752,1,3555356
4753,1,3555406
4754,1,3555505
4755,1,3555604
4756,1,3555703
4757,1,3555802
4758,1,3555901
4759,1,3556008
4760,1,3556107
4761,1,3556206
4762,1,3556305
4763,1,3556354
4764,1,3556404
4765,1,3556453
4766,1,3556503
4767,1,3556602
4768,1,3556701
4769,1,3556800
4770,1,3556909
4771,1,3556958
4772,1,3557006
4773,1,3557105
4774,1,3557154
4775,1,3200102
4776,1,3200169
4777,1,3200136
4778,1,3200201
4779,1,3200300
4780,1,3200359
4781,1,3200409
4782,1,3200508
4783,1,3200607
4784,1,3200706
4785,1,3200805
4786,1,3200904
4787,1,3201001
4788,1,3201100
4789,1,3201159
4790,1,3201209
4791,1,3201308
4792,1,3201407
4793,1,3201506
4794,1,3201605
4795,1,3201704
4796,1,3201803
4797,1,3201902
4798,1,3202009
4799,1,3202108
4800,1,3202207
4801,1,3202256
4802,1,3202306
4803,1,3202405
4804,1,3202454
4805,1,3202504
4806,1,3202553
4807,1,3202603
4808,1,3202652
4809,1,3202702
4810,1,3202801
4811,1,3202900
4812,1,3203007
4813,1,3203056
4814,1,3203106
4815,1,3203130
4816,1,3203163
4817,1,3203205
4818,1,3203304
4819,1,3203320
4820,1,3203346
4821,1,3203353
4822,1,3203403
4823,1,3203502
4824,1,3203601
4825,1,3203700
4826,1,3203809
4827,1,3203908
4828,1,3204005
4829,1,3204054
4830,1,3204104
4831,1,3204203
4832,1,3204252
4833,1,3204302
4834,1,3204351
4835,1,3204401
4836,1,3204500
4837,1,3204559
4838,1,3204609
4839,1,3204658
4840,1,3204708
4841,1,3204807
4842,1,3204906
4843,1,3204955
4844,1,3205002
4845,1,3205010
4846,1,3205036
4847,1,3205069
4848,1,3205101
4849,1,3205150
4850,1,3205176
4851,1,3205200
4852,1,3205309
4853,1,2500106
4854,1,2500205
4855,1,2500304
4856,1,2500403
4857,1,2500502
4858,1,2500536
4859,1,2500577
4860,1,2500601
4861,1,2500734
4862,1,2500775
4863,1,2500809
4864,1,2500908
4865,1,2501005
4866,1,2501104
4867,1,2501153
4868,1,2501203
4869,1,2501302
4870,1,2501351
4871,1,2501401
4872,1,2501500
4873,1,2501534
4874,1,2501609
4875,1,2501575
4876,1,2501708
4877,1,2501807
4878,1,2501906
4879,1,2502003
4880,1,2502052
4881,1,2502102
4882,1,2502151
4883,1,2502201
4884,1,2502300
4885,1,2502409
4886,1,2502508
4887,1,2502706
4888,1,2502805
4889,1,2502904
4890,1,2503001
4891,1,2503100
4892,1,2503209
4893,1,2503308
4894,1,2503407
4895,1,2503506
4896,1,2503555
4897,1,2503605
4898,1,2503704
4899,1,2503753
4900,1,2503803
4901,1,2503902
4902,1,2504009
4903,1,2504033
4904,1,2504074
4905,1,2504108
4906,1,2504157
4907,1,2504207
4908,1,2504306
4909,1,2504355
4910,1,2504405
4911,1,2504504
4912,1,2504603
4913,1,2504702
4914,1,2504801
4915,1,2504850
4916,1,2504900
4917,1,2505006
4918,1,2505105
4919,1,2505238
4920,1,2505204
4921,1,2505279
4922,1,2505303
4923,1,2505352
4924,1,2505402
4925,1,2505600
4926,1,2505709
4927,1,2505808
4928,1,2505907
4929,1,2506004
4930,1,2506103
4931,1,2506202
4932,1,2506251
4933,1,2506301
4934,1,2506400
4935,1,2506509
4936,1,2506608
4937,1,2502607
4938,1,2506707
4939,1,2506806
4940,1,2506905
4941,1,2507002
4942,1,2507101
4943,1,2507200
4944,1,2507309
4945,1,2507408
4946,1,2507507
4947,1,2513653
4948,1,2507606
4949,1,2507705
4950,1,2507804
4951,1,2507903
4952,1,2508000
4953,1,2508109
4954,1,2508208
4955,1,2508307
4956,1,2508406
4957,1,2508505
4958,1,2508554
4959,1,2508604
4960,1,2508703
4961,1,2508802
4962,1,2508901
4963,1,2509008
4964,1,2509057
4965,1,2509107
4966,1,2509156
4967,1,2509206
4968,1,2509305
4969,1,2509339
4970,1,2509370
4971,1,2509396
4972,1,2509404
4973,1,2509503
4974,1,2509602
4975,1,2509701
4976,1,2509800
4977,1,2509909
4978,1,2510006
4979,1,2510105
4980,1,2510204
4981,1,2510303
4982,1,2510402
4983,1,2510501
4984,1,2510600
4985,1,2510659
4986,1,2510709
4987,1,2510808
4988,1,2510907
4989,1,2511004
4990,1,2511103
4991,1,2511202
4992,1,2512721
4993,1,2511301
4994,1,2511400
4995,1,2511509
4996,1,2511608
4997,1,2511707
4998,1,2511806
4999,1,2511905
5000,1,2512002
5001,1,2512036
5002,1,2512077
5003,1,2512101
5004,1,2512200
5005,1,2512309
5006,1,2512408
5007,1,2512507
5008,1,2512606
5009,1,2512705
5010,1,2512747
5011,1,2512754
5012,1,2512762
5013,1,2512788
5014,1,2512804
5015,1,2512903
5016,1,2513000
5017,1,2513109
5018,1,2513158
5019,1,2513208
5020,1,2513307
5021,1,2513356
5022,1,2513406
5023,1,2513703
5024,1,2513802
5025,1,2513505
5026,1,2513604
5027,1,2513851
5028,1,2513927
5029,1,2513901
5030,1,2513968
5031,1,2513943
5032,1,2513984
5033,1,2514008
5034,1,2500700
5035,1,2514107
5036,1,2514206
5037,1,2514305
5038,1,2514404
5039,1,2514503
5040,1,2514552
5041,1,2514602
5042,1,2514651
5043,1,2514701
5044,1,2514800
5045,1,2514453
5046,1,2514909
5047,1,2515005
5048,1,2515104
5049,1,2515203
5050,1,2515401
5051,1,2515302
5052,1,2515500
5053,1,2515609
5054,1,2515708
5055,1,2515807
5056,1,2515906
5057,1,2515930
5058,1,2515971
5059,1,2516003
5060,1,2516102
5061,1,2516151
5062,1,2516201
5063,1,2516300
5064,1,2516409
5065,1,2516508
5066,1,2516607
5067,1,2516706
5068,1,2516755
5069,1,2516805
5070,1,2516904
5071,1,2517001
5072,1,2517100
5073,1,2517209
5074,1,2505501
5075,1,2517407
5076,1,2700102
5077,1,2700201
5078,1,2700300
5079,1,2700409
5080,1,2700508
5081,1,2700607
5082,1,2700706
5083,1,2700805
5084,1,2700904
5085,1,2701001
5086,1,2701100
5087,1,2701209
5088,1,2701308
5089,1,2701357
5090,1,2701407
5091,1,2701506
5092,1,2701605
5093,1,2701704
5094,1,2701803
5095,1,2701902
5096,1,2702009
5097,1,2702108
5098,1,2702207
5099,1,2702306
5100,1,2702355
5101,1,2702405
5102,1,2702504
5103,1,2702553
5104,1,2702603
5105,1,2702702
5106,1,2702801
5107,1,2702900
5108,1,2703007
5109,1,2703106
5110,1,2703205
5111,1,2703304
5112,1,2703403
5113,1,2703502
5114,1,2703601
5115,1,2703700
5116,1,2703759
5117,1,2703809
5118,1,2703908
5119,1,2704005
5120,1,2704104
5121,1,2704203
5122,1,2704302
5123,1,2704401
5124,1,2704906
5125,1,2704500
5126,1,2704609
5127,1,2704708
5128,1,2704807
5129,1,2705002
5130,1,2705101
5131,1,2705200
5132,1,2705309
5133,1,2705408
5134,1,2705507
5135,1,2705606
5136,1,2705705
5137,1,2705804
5138,1,2705903
5139,1,2706000
5140,1,2706109
5141,1,2706208
5142,1,2706307
5143,1,2706406
5144,1,2706422
5145,1,2706448
5146,1,2706505
5147,1,2706604
5148,1,2706703
5149,1,2706802
5150,1,2706901
5151,1,2707008
5152,1,2707107
5153,1,2707206
5154,1,2707305
5155,1,2707404
5156,1,2707503
5157,1,2707602
5158,1,2707701
5159,1,2707800
5160,1,2707909
5161,1,2708006
5162,1,2708105
5163,1,2708204
5164,1,2708303
5165,1,2708402
5166,1,2708501
5167,1,2708600
5168,1,2708709
5169,1,2708808
5170,1,2708907
5171,1,2708956
5172,1,2709004
5173,1,2709103
5174,1,2709152
5175,1,2709202
5176,1,2709301
5177,1,2709400
5178,1,5000203
5179,1,5000252
5180,1,5000609
5181,1,5000708
5182,1,5000807
5183,1,5000856
5184,1,5000906
5185,1,5001003
5186,1,5001102
5187,1,5001243
5188,1,5001508
5189,1,5001904
5190,1,5002001
5191,1,5002100
5192,1,5002159
5193,1,5002209
5194,1,5002308
5195,1,5002407
5196,1,5002605
5197,1,5002704
5198,1,5002803
5199,1,5002902
5200,1,5002951
5201,1,5003108
5202,1,5003157
5203,1,5003207
5204,1,5003256
5205,1,5003306
5206,1,5003454
5207,1,5003488
5208,1,5003504
5209,1,5003702
5210,1,5003751
5211,1,5003801
5212,1,5003900
5213,1,5004007
5214,1,5004106
5215,1,5004304
5216,1,5004403
5217,1,5004502
5218,1,5004601
5219,1,5004700
5220,1,5004809
5221,1,5004908
5222,1,5005004
5223,1,5005103
5224,1,5005152
5225,1,5005202
5226,1,5005251
5227,1,5005400
5228,1,5005608
5229,1,5005681
5230,1,5005707
5231,1,5005806
5232,1,5006002
5233,1,5006200
5234,1,5006259
5235,1,5006275
5236,1,5006309
5237,1,5006358
5238,1,5006408
5239,1,5006606
5240,1,5006903
5241,1,5007109
5242,1,5007208
5243,1,5007307
5244,1,5007406
5245,1,5007505
5246,1,5007554
5247,1,5007695
5248,1,5007802
5249,1,5007703
5250,1,5007901
5251,1,5007935
5252,1,5007950
5253,1,5007976
5254,1,5008008
5255,1,5008305
5256,1,5008404
5257,1,1100015
5258,1,1100379
5259,1,1100403
5260,1,1100346
5261,1,1100023
5262,1,1100452
5263,1,1100031
5264,1,1100601
5265,1,1100049
5266,1,1100700
5267,1,1100809
5268,1,1100908
5269,1,1100056
5270,1,1100924
5271,1,1100064
5272,1,1100072
5273,1,1100080
5274,1,1100940
5275,1,1100098
5276,1,1101005
5277,1,1100106
5278,1,1101104
5279,1,1100114
5280,1,1100122
5281,1,1100130
5282,1,1101203
5283,1,1101302
5284,1,1101401
5285,1,1100148
5286,1,1100338
5287,1,1101435
5288,1,1100502
5289,1,1100155
5290,1,1101450
5291,1,1100189
5292,1,1101468
5293,1,1100205
5294,1,1100254
5295,1,1101476
5296,1,1100262
5297,1,1100288
5298,1,1100296
5299,1,1101484
5300,1,1101492
5301,1,1100320
5302,1,1101500
5303,1,1101559
5304,1,1101609
5305,1,1101708
5306,1,1101757
5307,1,1101807
5308,1,1100304
5309,0,1400050
5310,0,1400027
5311,0,1400100
5312,0,1400159
5313,0,1400175
5314,0,1400209
5315,0,1400233
5316,0,1400282
5317,0,1400308
5318,0,1400407
5319,0,1400456
5320,0,1400472
5321,0,1400506
5322,0,1400605
5323,0,1400704
5324,1,1300029
5325,1,1300060
5326,1,1300086
5327,1,1300102
5328,1,1300144
5329,1,1300201
5330,1,1300300
5331,1,1300409
5332,1,1300508
5333,1,1300607
5334,1,1300631
5335,1,1300680
5336,1,1300706
5337,1,1300805
5338,1,1300839
5339,1,1300904
5340,1,1301001
5341,1,1301100
5342,1,1301159
5343,1,1301209
5344,1,1301308
5345,1,1301407
5346,1,1301506
5347,1,1301605
5348,1,1301654
5349,1,1301704
5350,1,1301803
5351,1,1301852
5352,1,1301902
5353,1,1301951
5354,1,1302009
5355,1,1302108
5356,1,1302207
5357,1,1302306
5358,1,1302405
5359,1,1302504
5360,1,1302553
5361,1,1302603
5362,1,1302702
5363,1,1302801
5364,1,1302900
5365,1,1303007
5366,1,1303106
5367,1,1303205
5368,1,1303304
5369,1,1303403
5370,1,1303502
5371,1,1303536
5372,1,1303569
5373,1,1303601
5374,1,1303700
5375,1,1303809
5376,1,1303908
5377,1,1303957
5378,1,1304005
5379,1,1304062
5380,1,1304104
5381,1,1304203
5382,1,1304237
5383,1,1304260
5384,1,1304302
5385,1,1304401
5386,0,1600105
5387,0,1600204
5388,0,1600212
5389,0,1600238
5390,0,1600253
5391,0,1600279
5392,0,1600303
5393,0,1600402
5394,0,1600501
5395,0,1600154
5396,0,1600535
5397,0,1600550
5398,0,1600600
5399,0,1600055
5400,0,1600709
5401,0,1600808
5402,1,2800100
5403,1,2800209
5404,1,2800308
5405,1,2800407
5406,1,2800506
5407,1,2800605
5408,1,2800670
5409,1,2800704
5410,1,2801009
5411,1,2801108
5412,1,2801207
5413,1,2801306
5414,1,2801405
5415,1,2801504
5416,1,2801603
5417,1,2801702
5418,1,2801900
5419,1,2802007
5420,1,2802106
5421,1,2802205
5422,1,2802304
5423,1,2802403
5424,1,2802502
5425,1,2802601
5426,1,2802700
5427,1,2802809
5428,1,2802908
5429,1,2803005
5430,1,2803104
5431,1,2803203
5432,1,2803302
5433,1,2803401
5434,1,2803500
5435,1,2803609
5436,1,2803708
5437,1,2803807
5438,1,2803906
5439,1,2804003
5440,1,2804102
5441,1,2804201
5442,1,2804300
5443,1,2804409
5444,1,2804458
5445,1,2804508
5446,1,2804607
5447,1,2804706
5448,1,2804805
5449,1,2804904
5450,1,2805000
5451,1,2805109
5452,1,2805208
5453,1,2805307
5454,1,2805406
5455,1,2805505
5456,1,2805604
5457,1,2805703
5458,1,2805802
5459,1,2805901
5460,1,2806008
5461,1,2806107
5462,1,2806206
5463,1,2806305
5464,1,2806503
5465,1,2806404
5466,1,2806602
5467,1,2806701
5468,1,2806800
5469,1,2806909
5470,1,2807006
5471,1,2807105
5472,1,2807204
5473,1,2807303
5474,1,2807402
5475,1,2807501
5476,1,2807600
5477,0,3300100
5478,0,3300159
5479,0,3300209
5480,0,3300225
5481,0,3300233
5482,0,3300258
5483,0,3300308
5484,0,3300407
5485,0,3300456
5486,0,3300506
5487,0,3300605
5488,0,3300704
5489,0,3300803
5490,0,3300902
5491,0,3301009
5492,0,3301108
5493,0,3300936
5494,0,3301157
5495,0,3301207
5496,0,3301306
5497,0,3300951
5498,0,3301405
5499,0,3301504
5500,0,3301603
5501,0,3301702
5502,0,3301801
5503,0,3301850
5504,0,3301876
5505,0,3301900
5506,0,3302007
5507,0,3302056
5508,0,3302106
5509,0,3302205
5510,0,3302254
5511,0,3302270
5512,0,3302304
5513,0,3302403
5514,0,3302452
5515,0,3302502
5516,0,3302601
5517,0,3302700
5518,0,3302809
5519,0,3302858
5520,0,3302908
5521,0,3303005
5522,0,3303104
5523,0,3303203
5524,0,3303302
5525,0,3303401
5526,0,3303500
5527,0,3303609
5528,0,3303708
5529,0,3303807
5530,0,3303856
5531,0,3303906
5532,0,3303955
5533,0,3304003
5534,0,3304102
5535,0,3304110
5536,0,3304128
5537,0,3304144
5538,0,3304151
5539,0,3304201
5540,0,3304300
5541,0,3304409
5542,0,3304508
5543,0,3304524
5544,0,3304557
5545,0,3304607
5546,0,3304706
5547,0,3304805
5548,0,3304755
5549,0,3304904
5550,0,3305000
5551,0,3305109
5552,0,3305133
5553,0,3305158
5554,0,3305208
5555,0,3305307
5556,0,3305406
5557,0,3305505
5558,0,3305554
5559,0,3305604
5560,0,3305703
5561,0,3305752
5562,0,3305802
5563,0,3305901
5564,0,3306008
5565,0,3306107
5566,0,3306156
5567,0,3306206
5568,0,3306305
5569,0,5300108
