,passe_livre_inicio,id_municipio,passe_livre
0,,5200050,0.0
1,,5200100,0.0
2,,5200134,0.0
3,,5200159,0.0
4,,5200175,0.0
5,,5200209,0.0
6,,5200258,0.0
7,,5200308,0.0
8,,5200506,0.0
9,,5200555,0.0
10,,5200605,0.0
11,,5200803,0.0
12,,5200829,0.0
13,,5200852,0.0
14,,5200902,0.0
15,,5201108,0.0
16,,5201207,0.0
17,2014.0,5201306,1.0
18,,5201405,0.0
19,,5201454,0.0
20,,5201504,0.0
21,,5201603,0.0
22,,5201702,0.0
23,,5201801,0.0
24,,5202155,0.0
25,,5202353,0.0
26,2008.0,5202502,1.0
27,,5202601,0.0
28,,5202809,0.0
29,,5203104,0.0
30,,5203203,0.0
31,,5203302,0.0
32,,5203401,0.0
33,,5203500,0.0
34,,5203559,0.0
35,,5203575,0.0
36,,5203609,0.0
37,,5203807,0.0
38,,5203906,0.0
39,,5203939,0.0
40,,5203962,0.0
41,,5204003,0.0
42,,5204102,0.0
43,,5204201,0.0
44,,5204250,0.0
45,,5204300,0.0
46,,5204409,0.0
47,,5204508,0.0
48,,5204557,0.0
49,,5204607,0.0
50,,5204656,0.0
51,,5204706,0.0
52,,5204805,0.0
53,,5204854,0.0
54,,5204904,0.0
55,,5204953,0.0
56,,5205000,0.0
57,,5205059,0.0
58,,5205109,0.0
59,,5205208,0.0
60,,5205307,0.0
61,,5205406,0.0
62,,5205455,0.0
63,,5205471,0.0
64,,5205497,0.0
65,,5205513,0.0
66,,5205521,0.0
67,,5205703,0.0
68,,5205802,0.0
69,,5205901,0.0
70,,5206206,0.0
71,,5206305,0.0
72,,5206404,0.0
73,,5206503,0.0
74,,5206602,0.0
75,,5206701,0.0
76,,5206800,0.0
77,,5206909,0.0
78,,5207105,0.0
79,,5208301,0.0
80,,5207253,0.0
81,,5207352,0.0
82,,5207402,0.0
83,,5207501,0.0
84,,5207535,0.0
85,,5207600,0.0
86,,5207808,0.0
87,,5207907,0.0
88,2021.0,5208004,1.0
89,,5208103,0.0
90,,5208152,0.0
91,,5208400,0.0
92,,5208509,0.0
93,,5208608,0.0
94,,5208707,0.0
95,,5208806,0.0
96,2021.0,5208905,1.0
97,,5209101,0.0
98,,5209150,0.0
99,,5209200,0.0
100,,5209291,0.0
101,,5209408,0.0
102,,5209457,0.0
103,,5209606,0.0
104,,5209705,0.0
105,,5209804,0.0
106,,5209903,0.0
107,,5209937,0.0
108,,5209952,0.0
109,,5210000,0.0
110,,5210109,0.0
111,,5210158,0.0
112,,5210208,0.0
113,,5210307,0.0
114,,5210406,0.0
115,,5210562,0.0
116,,5210604,0.0
117,,5210802,0.0
118,,5210901,0.0
119,,5211008,0.0
120,,5211206,0.0
121,,5211305,0.0
122,,5211404,0.0
123,,5211503,0.0
124,,5211602,0.0
125,,5211701,0.0
126,,5211800,0.0
127,,5211909,0.0
128,,5212006,0.0
129,,5212055,0.0
130,,5212105,0.0
131,,5212204,0.0
132,,5212253,0.0
133,,5212303,0.0
134,,5212501,0.0
135,,5212600,0.0
136,,5212709,0.0
137,,5212808,0.0
138,,5212907,0.0
139,,5212956,0.0
140,,5213004,0.0
141,,5213053,0.0
142,,5213087,0.0
143,,5213103,0.0
144,,5213400,0.0
145,,5213509,0.0
146,,5213707,0.0
147,,5213756,0.0
148,,5213772,0.0
149,,5213806,0.0
150,,5213855,0.0
151,,5213905,0.0
152,,5214002,0.0
153,,5214051,0.0
154,,5214101,0.0
155,,5214408,0.0
156,,5214507,0.0
157,,5214606,0.0
158,,5214705,0.0
159,,5214804,0.0
160,,5214838,0.0
161,,5214861,0.0
162,,5214879,0.0
163,,5214903,0.0
164,,5215009,0.0
165,,5215207,0.0
166,,5215231,0.0
167,,5215256,0.0
168,,5215306,0.0
169,,5215405,0.0
170,,5215504,0.0
171,,5215603,0.0
172,,5215652,0.0
173,,5215702,0.0
174,,5215801,0.0
175,,5215900,0.0
176,,5216007,0.0
177,,5216304,0.0
178,,5216403,0.0
179,,5216452,0.0
180,,5216809,0.0
181,,5216908,0.0
182,,5217104,0.0
183,,5217203,0.0
184,,5217302,0.0
185,,5217401,0.0
186,,5217609,0.0
187,,5217708,0.0
188,,5218003,0.0
189,,5218052,0.0
190,,5218102,0.0
191,,5218300,0.0
192,,5218391,0.0
193,,5218508,0.0
194,,5218607,0.0
195,,5218706,0.0
196,,5218789,0.0
197,,5218805,0.0
198,,5218904,0.0
199,,5219001,0.0
200,,5219100,0.0
201,,5219209,0.0
202,,5219258,0.0
203,,5219308,0.0
204,,5219357,0.0
205,,5219407,0.0
206,,5219456,0.0
207,,5219506,0.0
208,,5219605,0.0
209,,5219704,0.0
210,,5219712,0.0
211,,5219738,0.0
212,,5219753,0.0
213,,5219803,0.0
214,,5219902,0.0
215,,5220009,0.0
216,,5220058,0.0
217,,5220108,0.0
218,,5220157,0.0
219,,5220207,0.0
220,,5220264,0.0
221,,5220280,0.0
222,,5220405,0.0
223,,5220454,0.0
224,,5220504,0.0
225,,5220603,0.0
226,,5220686,0.0
227,,5220702,0.0
228,,5221007,0.0
229,,5221080,0.0
230,,5221197,0.0
231,,5221304,0.0
232,,5221403,0.0
233,,5221452,0.0
234,,5221502,0.0
235,,5221551,0.0
236,,5221577,0.0
237,,5221601,0.0
238,,5221700,0.0
239,,5221809,0.0
240,,5221858,0.0
241,,5221908,0.0
242,,5222005,0.0
243,,5222054,0.0
244,,5222203,0.0
245,,5222302,0.0
246,,3100104,0.0
247,1997.0,3100203,1.0
248,,3100302,0.0
249,,3100401,0.0
250,,3100500,0.0
251,,3100609,0.0
252,,3100708,0.0
253,,3100807,0.0
254,,3100906,0.0
255,,3101003,0.0
256,,3101102,0.0
257,,3101201,0.0
258,,3101300,0.0
259,,3101409,0.0
260,,3101508,0.0
261,,3101607,0.0
262,,3101631,0.0
263,,3101706,0.0
264,,3101805,0.0
265,,3101904,0.0
266,,3102001,0.0
267,,3102050,0.0
268,,3153509,0.0
269,,3102100,0.0
270,,3102209,0.0
271,,3102308,0.0
272,,3102407,0.0
273,,3102506,0.0
274,,3102605,0.0
275,,3102803,0.0
276,,3102852,0.0
277,,3102902,0.0
278,,3103009,0.0
279,,3103108,0.0
280,,3103207,0.0
281,,3103306,0.0
282,,3103405,0.0
283,,3103504,0.0
284,,3103603,0.0
285,,3103702,0.0
286,,3103751,0.0
287,,3103801,0.0
288,,3103900,0.0
289,,3104007,0.0
290,2019.0,3104106,1.0
291,2022.0,3104205,1.0
292,,3104304,0.0
293,,3104403,0.0
294,,3104452,0.0
295,,3104502,0.0
296,,3104601,0.0
297,,3104700,0.0
298,,3104809,0.0
299,,3104908,0.0
300,,3105004,0.0
301,,3105103,0.0
302,,3105202,0.0
303,,3105301,0.0
304,,3105400,0.0
305,,3105509,0.0
306,,3105608,0.0
307,,3105707,0.0
308,,3105905,0.0
309,,3106002,0.0
310,,3106101,0.0
311,,3106200,0.0
312,,3106309,0.0
313,,3106408,0.0
314,,3106507,0.0
315,,3106655,0.0
316,,3106606,0.0
317,,3106705,0.0
318,,3106804,0.0
319,,3106903,0.0
320,,3107000,0.0
321,,3107109,0.0
322,,3107208,0.0
323,,3107307,0.0
324,,3107406,0.0
325,,3107505,0.0
326,,3107604,0.0
327,,3107703,0.0
328,,3107802,0.0
329,,3107901,0.0
330,,3108008,0.0
331,,3108107,0.0
332,,3108206,0.0
333,,3108255,0.0
334,,3108305,0.0
335,,3108404,0.0
336,,3108503,0.0
337,,3108701,0.0
338,,3108552,0.0
339,,3108602,0.0
340,,3108800,0.0
341,,3108909,0.0
342,,3109006,0.0
343,,3109105,0.0
344,,3109204,0.0
345,,3109253,0.0
346,,3109303,0.0
347,,3109402,0.0
348,,3109451,0.0
349,,3109501,0.0
350,,3109600,0.0
351,,3109709,0.0
352,,3102704,0.0
353,,3109808,0.0
354,,3109907,0.0
355,2021.0,3110004,1.0
356,,3110103,0.0
357,,3110202,0.0
358,,3110301,0.0
359,,3110400,0.0
360,,3110509,0.0
361,,3110608,0.0
362,,3110707,0.0
363,,3110806,0.0
364,,3110905,0.0
365,,3111002,0.0
366,,3111101,0.0
367,,3111150,0.0
368,2019.0,3111200,1.0
369,,3111309,0.0
370,,3111408,0.0
371,,3111507,0.0
372,,3111606,0.0
373,,3111903,0.0
374,,3111705,0.0
375,,3111804,0.0
376,,3112000,0.0
377,,3112059,0.0
378,,3112109,0.0
379,,3112208,0.0
380,,3112307,0.0
381,,3112406,0.0
382,,3112505,0.0
383,,3112604,0.0
384,,3112653,0.0
385,,3112703,0.0
386,,3112802,0.0
387,,3112901,0.0
388,,3113008,0.0
389,,3113107,0.0
390,,3113206,0.0
391,,3113305,0.0
392,,3113404,0.0
393,,3113503,0.0
394,,3113602,0.0
395,,3113701,0.0
396,,3113800,0.0
397,,3113909,0.0
398,,3114006,0.0
399,,3114105,0.0
400,,3114204,0.0
401,,3114303,0.0
402,,3114402,0.0
403,,3114501,0.0
404,,3114550,0.0
405,,3114600,0.0
406,,3114709,0.0
407,,3114808,0.0
408,,3114907,0.0
409,,3115003,0.0
410,,3115102,0.0
411,,3115300,0.0
412,,3115359,0.0
413,,3115409,0.0
414,,3115458,0.0
415,,3115474,0.0
416,,3115508,0.0
417,,3115607,0.0
418,,3115706,0.0
419,,3115805,0.0
420,,3115904,0.0
421,,3116001,0.0
422,,3116100,0.0
423,,3116159,0.0
424,,3116209,0.0
425,,3116308,0.0
426,,3116407,0.0
427,,3116506,0.0
428,2021.0,3116605,1.0
429,,3116704,0.0
430,,3116803,0.0
431,,3116902,0.0
432,,3117009,0.0
433,,3117108,0.0
434,,3115201,0.0
435,,3117306,0.0
436,,3117207,0.0
437,,3117405,0.0
438,,3117504,0.0
439,,3117603,0.0
440,,3117702,0.0
441,,3117801,0.0
442,,3117836,0.0
443,,3117876,0.0
444,,3117900,0.0
445,,3118007,0.0
446,,3118106,0.0
447,,3118205,0.0
448,,3118304,0.0
449,,3118403,0.0
450,,3118502,0.0
451,,3118601,0.0
452,,3118700,0.0
453,,3118809,0.0
454,,3118908,0.0
455,,3119005,0.0
456,,3119104,0.0
457,,3119203,0.0
458,,3119302,0.0
459,,3119401,0.0
460,,3119500,0.0
461,,3119609,0.0
462,,3119708,0.0
463,,3119807,0.0
464,,3119906,0.0
465,,3119955,0.0
466,,3120003,0.0
467,,3120102,0.0
468,,3120151,0.0
469,,3120201,0.0
470,,3120300,0.0
471,,3120409,0.0
472,,3120508,0.0
473,,3120607,0.0
474,,3120706,0.0
475,,3120805,0.0
476,,3120839,0.0
477,,3120870,0.0
478,,3120904,0.0
479,,3121001,0.0
480,,3121100,0.0
481,,3121209,0.0
482,,3121258,0.0
483,,3121308,0.0
484,,3121407,0.0
485,,3121506,0.0
486,,3121605,0.0
487,,3121704,0.0
488,,3121803,0.0
489,,3121902,0.0
490,,3122009,0.0
491,,3122108,0.0
492,,3122207,0.0
493,,3122306,0.0
494,,3122355,0.0
495,,3122405,0.0
496,,3122454,0.0
497,,3122470,0.0
498,,3122504,0.0
499,,3122603,0.0
500,,3122702,0.0
501,,3122801,0.0
502,,3122900,0.0
503,,3123007,0.0
504,,3123106,0.0
505,,3123205,0.0
506,,3123304,0.0
507,,3123403,0.0
508,,3123502,0.0
509,,3123528,0.0
510,,3123601,0.0
511,,3123700,0.0
512,,3123809,0.0
513,,3123858,0.0
514,,3123908,0.0
515,,3124005,0.0
516,,3124104,0.0
517,,3124203,0.0
518,,3124302,0.0
519,,3124401,0.0
520,,3124500,0.0
521,,3124609,0.0
522,,3124708,0.0
523,,3124807,0.0
524,,3124906,0.0
525,,3125002,0.0
526,,3125101,0.0
527,,3125200,0.0
528,,3125309,0.0
529,,3125408,0.0
530,,3125606,0.0
531,,3125705,0.0
532,,3125804,0.0
533,,3125903,0.0
534,,3125952,0.0
535,,3126000,0.0
536,,3126109,0.0
537,,3126208,0.0
538,,3126307,0.0
539,,3126406,0.0
540,,3126505,0.0
541,,3126604,0.0
542,,3126703,0.0
543,,3126752,0.0
544,,3126802,0.0
545,,3126901,0.0
546,,3126950,0.0
547,,3127008,0.0
548,,3127057,0.0
549,,3127073,0.0
550,,3127107,0.0
551,,3127206,0.0
552,,3127305,0.0
553,,3127339,0.0
554,,3127354,0.0
555,,3127370,0.0
556,,3127388,0.0
557,,3127404,0.0
558,,3127503,0.0
559,,3127602,0.0
560,,3127701,0.0
561,,3127800,0.0
562,,3127909,0.0
563,,3128006,0.0
564,,3128105,0.0
565,,3128204,0.0
566,,3128253,0.0
567,,3128303,0.0
568,,3128402,0.0
569,,3128501,0.0
570,,3128600,0.0
571,,3128709,0.0
572,,3128808,0.0
573,,3128907,0.0
574,,3129004,0.0
575,,3129103,0.0
576,,3129202,0.0
577,,3129301,0.0
578,,3129400,0.0
579,,3129509,0.0
580,,3129608,0.0
581,,3129657,0.0
582,,3129707,0.0
583,,3129806,0.0
584,,3129905,0.0
585,,3130002,0.0
586,,3130051,0.0
587,,3130101,0.0
588,,3130200,0.0
589,,3130309,0.0
590,,3130408,0.0
591,,3130507,0.0
592,,3130556,0.0
593,,3130606,0.0
594,,3130655,0.0
595,,3130705,0.0
596,,3130804,0.0
597,,3130903,0.0
598,,3131000,0.0
599,,3131109,0.0
600,,3131158,0.0
601,,3131208,0.0
602,,3131307,0.0
603,,3131406,0.0
604,,3131505,0.0
605,,3131604,0.0
606,,3131703,0.0
607,,3131802,0.0
608,,3131901,0.0
609,,3132008,0.0
610,,3132107,0.0
611,,3132206,0.0
612,,3132305,0.0
613,,3132404,0.0
614,,3132503,0.0
615,,3132602,0.0
616,,3132701,0.0
617,,3132800,0.0
618,,3132909,0.0
619,,3133006,0.0
620,,3133105,0.0
621,,3133204,0.0
622,,3133303,0.0
623,,3133402,0.0
624,,3133501,0.0
625,,3133600,0.0
626,2015.0,3133709,1.0
627,,3133758,0.0
628,,3133808,0.0
629,,3133907,0.0
630,,3134004,0.0
631,,3134103,0.0
632,,3134202,0.0
633,,3134301,0.0
634,,3134400,0.0
635,,3134509,0.0
636,,3134608,0.0
637,,3134707,0.0
638,,3134806,0.0
639,,3134905,0.0
640,,3135001,0.0
641,,3135050,0.0
642,,3135076,0.0
643,,3135100,0.0
644,,3135209,0.0
645,,3135308,0.0
646,,3135357,0.0
647,,3135407,0.0
648,,3135456,0.0
649,,3135506,0.0
650,,3135605,0.0
651,,3135704,0.0
652,,3135803,0.0
653,,3135902,0.0
654,,3136009,0.0
655,,3136108,0.0
656,,3136207,0.0
657,,3136306,0.0
658,,3136405,0.0
659,,3136504,0.0
660,,3136520,0.0
661,,3136553,0.0
662,,3136579,0.0
663,,3136652,0.0
664,,3136702,0.0
665,,3136801,0.0
666,,3136900,0.0
667,,3136959,0.0
668,,3137007,0.0
669,,3137106,0.0
670,2021.0,3137205,1.0
671,,3137304,0.0
672,,3137403,0.0
673,,3137502,0.0
674,,3137536,0.0
675,,3137601,0.0
676,,3137700,0.0
677,,3137809,0.0
678,,3137908,0.0
679,,3138005,0.0
680,,3138104,0.0
681,,3138203,0.0
682,,3138302,0.0
683,,3138351,0.0
684,,3138401,0.0
685,,3138500,0.0
686,,3138609,0.0
687,,3138625,0.0
688,,3138658,0.0
689,,3138674,0.0
690,,3138682,0.0
691,,3138708,0.0
692,,3138807,0.0
693,,3138906,0.0
694,,3139003,0.0
695,,3139102,0.0
696,,3139201,0.0
697,,3139250,0.0
698,,3139300,0.0
699,,3139409,0.0
700,,3139508,0.0
701,,3139607,0.0
702,,3139805,0.0
703,,3139706,0.0
704,,3139904,0.0
705,2022.0,3140001,1.0
706,,3140100,0.0
707,,3140159,0.0
708,,3140209,0.0
709,,3140308,0.0
710,,3140407,0.0
711,,3140506,0.0
712,,3140530,0.0
713,,3140555,0.0
714,,3140605,0.0
715,,3140704,0.0
716,,3171501,0.0
717,,3140803,0.0
718,,3140852,0.0
719,,3140902,0.0
720,,3141009,0.0
721,,3141108,0.0
722,,3141207,0.0
723,,3141306,0.0
724,,3141405,0.0
725,,3141504,0.0
726,,3141603,0.0
727,,3141702,0.0
728,,3141801,0.0
729,,3141900,0.0
730,,3142007,0.0
731,,3142106,0.0
732,,3142205,0.0
733,,3142254,0.0
734,,3142304,0.0
735,,3142403,0.0
736,,3142502,0.0
737,,3142601,0.0
738,,3142700,0.0
739,,3142809,0.0
740,,3142908,0.0
741,,3143005,0.0
742,1994.0,3143104,1.0
743,,3143153,0.0
744,,3143203,0.0
745,,3143401,0.0
746,,3143302,0.0
747,,3143450,0.0
748,,3143500,0.0
749,,3143609,0.0
750,,3143708,0.0
751,,3143807,0.0
752,,3143906,0.0
753,,3144003,0.0
754,2011.0,3144102,1.0
755,,3144201,0.0
756,,3144300,0.0
757,,3144359,0.0
758,,3144375,0.0
759,,3144409,0.0
760,,3144508,0.0
761,,3144607,0.0
762,,3144656,0.0
763,,3144672,0.0
764,,3144706,0.0
765,,3144805,0.0
766,,3144904,0.0
767,,3145000,0.0
768,,3145059,0.0
769,,3145109,0.0
770,,3145208,0.0
771,,3136603,0.0
772,,3145307,0.0
773,,3145356,0.0
774,,3145372,0.0
775,,3145406,0.0
776,,3145455,0.0
777,,3145505,0.0
778,,3145604,0.0
779,,3145703,0.0
780,,3145802,0.0
781,,3145851,0.0
782,,3145877,0.0
783,2022.0,3145901,1.0
784,,3146008,0.0
785,,3146107,0.0
786,,3146206,0.0
787,,3146255,0.0
788,,3146305,0.0
789,,3146552,0.0
790,,3146404,0.0
791,,3146503,0.0
792,,3146602,0.0
793,,3146701,0.0
794,,3146750,0.0
795,,3146909,0.0
796,,3147105,0.0
797,,3147006,0.0
798,,3147204,0.0
799,,3147303,0.0
800,,3147402,0.0
801,,3147600,0.0
802,,3147709,0.0
803,,3147808,0.0
804,,3147501,0.0
805,,3147907,0.0
806,,3147956,0.0
807,,3148004,0.0
808,,3148103,0.0
809,,3148202,0.0
810,,3148301,0.0
811,,3148400,0.0
812,,3148509,0.0
813,,3148608,0.0
814,,3148707,0.0
815,,3148756,0.0
816,,3148806,0.0
817,,3148905,0.0
818,,3149002,0.0
819,,3149101,0.0
820,,3149150,0.0
821,,3149200,0.0
822,,3149309,0.0
823,,3149408,0.0
824,,3149507,0.0
825,,3149606,0.0
826,,3149705,0.0
827,,3149804,0.0
828,,3149903,0.0
829,,3149952,0.0
830,,3150000,0.0
831,,3150109,0.0
832,,3150158,0.0
833,,3150208,0.0
834,,3150307,0.0
835,,3150406,0.0
836,,3150505,0.0
837,,3150539,0.0
838,,3150570,0.0
839,,3150604,0.0
840,,3150703,0.0
841,,3150802,0.0
842,,3150901,0.0
843,,3151008,0.0
844,,3151107,0.0
845,,3151206,0.0
846,,3151305,0.0
847,,3151404,0.0
848,,3151503,0.0
849,,3151602,0.0
850,,3151701,0.0
851,,3151800,0.0
852,,3151909,0.0
853,,3152006,0.0
854,,3152105,0.0
855,,3152131,0.0
856,,3152170,0.0
857,,3152204,0.0
858,,3152303,0.0
859,,3152402,0.0
860,,3152501,0.0
861,,3152600,0.0
862,,3152709,0.0
863,,3152808,0.0
864,,3152907,0.0
865,,3153004,0.0
866,,3153103,0.0
867,,3153202,0.0
868,,3153301,0.0
869,,3153400,0.0
870,,3153608,0.0
871,,3153707,0.0
872,,3153806,0.0
873,,3153905,0.0
874,,3154002,0.0
875,,3154101,0.0
876,,3154150,0.0
877,,3154200,0.0
878,,3154309,0.0
879,,3154408,0.0
880,,3154457,0.0
881,,3154507,0.0
882,,3154606,0.0
883,,3154705,0.0
884,,3154804,0.0
885,,3154903,0.0
886,,3155108,0.0
887,,3155009,0.0
888,,3155207,0.0
889,,3155306,0.0
890,,3155405,0.0
891,,3155504,0.0
892,,3155603,0.0
893,,3155702,0.0
894,,3155801,0.0
895,,3155900,0.0
896,,3156007,0.0
897,,3156106,0.0
898,,3156205,0.0
899,,3156304,0.0
900,,3156403,0.0
901,,3156452,0.0
902,,3156502,0.0
903,,3156601,0.0
904,,3156700,0.0
905,,3156809,0.0
906,,3156908,0.0
907,,3157005,0.0
908,,3157104,0.0
909,,3157203,0.0
910,,3157252,0.0
911,,3157278,0.0
912,,3157302,0.0
913,,3157336,0.0
914,,3157377,0.0
915,,3157401,0.0
916,,3157500,0.0
917,,3157609,0.0
918,,3157658,0.0
919,,3157708,0.0
920,,3157807,0.0
921,,3157906,0.0
922,,3158003,0.0
923,,3158102,0.0
924,,3158201,0.0
925,,3159209,0.0
926,,3159407,0.0
927,,3159308,0.0
928,,3159357,0.0
929,,3159506,0.0
930,,3159605,0.0
931,,3159704,0.0
932,,3159803,0.0
933,,3158300,0.0
934,,3158409,0.0
935,,3158508,0.0
936,2021.0,3158607,1.0
937,,3158706,0.0
938,,3158805,0.0
939,,3158904,0.0
940,,3158953,0.0
941,,3159001,0.0
942,,3159100,0.0
943,,3159902,0.0
944,,3160009,0.0
945,,3160108,0.0
946,,3160207,0.0
947,,3160306,0.0
948,,3160405,0.0
949,,3160454,0.0
950,,3160504,0.0
951,,3160603,0.0
952,,3160702,0.0
953,,3160801,0.0
954,,3160900,0.0
955,,3160959,0.0
956,,3161007,0.0
957,,3161056,0.0
958,,3161106,0.0
959,,3161205,0.0
960,,3161304,0.0
961,,3161403,0.0
962,,3161502,0.0
963,,3161601,0.0
964,,3161650,0.0
965,,3161700,0.0
966,,3161809,0.0
967,,3161908,0.0
968,,3125507,0.0
969,,3162005,0.0
970,,3162104,0.0
971,,3162203,0.0
972,,3162252,0.0
973,,3162302,0.0
974,,3162401,0.0
975,,3162450,0.0
976,,3162500,0.0
977,,3162559,0.0
978,,3162575,0.0
979,,3162609,0.0
980,,3162658,0.0
981,,3162708,0.0
982,,3162807,0.0
983,,3162906,0.0
984,2021.0,3162922,1.0
985,2018.0,3162948,1.0
986,,3162955,0.0
987,,3163003,0.0
988,,3163102,0.0
989,,3163201,0.0
990,,3163300,0.0
991,,3163409,0.0
992,,3163508,0.0
993,,3163607,0.0
994,2022.0,3163706,1.0
995,,3163805,0.0
996,,3163904,0.0
997,,3164100,0.0
998,,3164001,0.0
999,,3164209,0.0
1000,,3164308,0.0
1001,,3164407,0.0
1002,,3164431,0.0
1003,,3164472,0.0
1004,,3164506,0.0
1005,,3164605,0.0
1006,,3164704,0.0
1007,,3164803,0.0
1008,,3164902,0.0
1009,,3165206,0.0
1010,,3165008,0.0
1011,,3165107,0.0
1012,,3165305,0.0
1013,,3165404,0.0
1014,,3165503,0.0
1015,,3165537,0.0
1016,,3165560,0.0
1017,,3165578,0.0
1018,,3165602,0.0
1019,,3165701,0.0
1020,,3165800,0.0
1021,,3165909,0.0
1022,,3166006,0.0
1023,,3166105,0.0
1024,,3166204,0.0
1025,,3166303,0.0
1026,,3166402,0.0
1027,,3166501,0.0
1028,,3166600,0.0
1029,,3166808,0.0
1030,,3166709,0.0
1031,,3166907,0.0
1032,,3166956,0.0
1033,,3167004,0.0
1034,,3167103,0.0
1035,,3167202,0.0
1036,,3165552,0.0
1037,,3167301,0.0
1038,,3167400,0.0
1039,,3167509,0.0
1040,,3167608,0.0
1041,,3167707,0.0
1042,,3167806,0.0
1043,,3167905,0.0
1044,,3168002,0.0
1045,,3168051,0.0
1046,,3168101,0.0
1047,,3168200,0.0
1048,,3168309,0.0
1049,,3168408,0.0
1050,,3168507,0.0
1051,,3168606,0.0
1052,,3168705,0.0
1053,,3168804,0.0
1054,,3168903,0.0
1055,,3169000,0.0
1056,,3169059,0.0
1057,,3169109,0.0
1058,,3169208,0.0
1059,,3169307,0.0
1060,,3169356,0.0
1061,,3169406,0.0
1062,,3169505,0.0
1063,,3169604,0.0
1064,,3169703,0.0
1065,,3169802,0.0
1066,,3169901,0.0
1067,,3170008,0.0
1068,,3170057,0.0
1069,,3170107,0.0
1070,,3170206,0.0
1071,,3170305,0.0
1072,,3170404,0.0
1073,,3170438,0.0
1074,,3170479,0.0
1075,,3170503,0.0
1076,,3170529,0.0
1077,,3170578,0.0
1078,,3170602,0.0
1079,,3170651,0.0
1080,,3170701,0.0
1081,,3170750,0.0
1082,,3170800,0.0
1083,,3170909,0.0
1084,,3171006,0.0
1085,,3171030,0.0
1086,,3171071,0.0
1087,,3171105,0.0
1088,,3171154,0.0
1089,,3171204,0.0
1090,,3171303,0.0
1091,,3171402,0.0
1092,,3171600,0.0
1093,,3171709,0.0
1094,,3171808,0.0
1095,,3171907,0.0
1096,,3172004,0.0
1097,,3172103,0.0
1098,,3172202,0.0
1099,,1500107,0.0
1100,,1500131,0.0
1101,,1500206,0.0
1102,,1500305,0.0
1103,,1500347,0.0
1104,,1500404,0.0
1105,,1500503,0.0
1106,,1500602,0.0
1107,,1500701,0.0
1108,,1500800,0.0
1109,,1500859,0.0
1110,,1500909,0.0
1111,,1500958,0.0
1112,,1501006,0.0
1113,,1501105,0.0
1114,,1501204,0.0
1115,,1501253,0.0
1116,,1501303,0.0
1117,,1501402,0.0
1118,,1501451,0.0
1119,,1501501,0.0
1120,,1501576,0.0
1121,,1501600,0.0
1122,,1501709,0.0
1123,,1501725,0.0
1124,,1501758,0.0
1125,,1501782,0.0
1126,,1501808,0.0
1127,,1501907,0.0
1128,,1502004,0.0
1129,,1501956,0.0
1130,,1502103,0.0
1131,,1502152,0.0
1132,,1502202,0.0
1133,,1502301,0.0
1134,,1502400,0.0
1135,,1502509,0.0
1136,,1502608,0.0
1137,,1502707,0.0
1138,,1502756,0.0
1139,,1502764,0.0
1140,,1502772,0.0
1141,,1502806,0.0
1142,,1502855,0.0
1143,,1502905,0.0
1144,,1502939,0.0
1145,,1502954,0.0
1146,,1503002,0.0
1147,,1503044,0.0
1148,,1503077,0.0
1149,,1503093,0.0
1150,,1503101,0.0
1151,,1503200,0.0
1152,,1503309,0.0
1153,,1503408,0.0
1154,,1503457,0.0
1155,,1503507,0.0
1156,,1503606,0.0
1157,,1503705,0.0
1158,,1503754,0.0
1159,,1503804,0.0
1160,,1503903,0.0
1161,,1504000,0.0
1162,,1504059,0.0
1163,,1504109,0.0
1164,,1504208,0.0
1165,,1504307,0.0
1166,,1504406,0.0
1167,,1504422,0.0
1168,,1504455,0.0
1169,,1504505,0.0
1170,,1504604,0.0
1171,,1504703,0.0
1172,,1504752,0.0
1173,,1504802,0.0
1174,,1504901,0.0
1175,,1504950,0.0
1176,,1504976,0.0
1177,,1505007,0.0
1178,,1505031,0.0
1179,,1505064,0.0
1180,,1505106,0.0
1181,,1505205,0.0
1182,,1505304,0.0
1183,,1505403,0.0
1184,,1505437,0.0
1185,,1505486,0.0
1186,,1505494,0.0
1187,,1505502,0.0
1188,,1505536,0.0
1189,,1505551,0.0
1190,,1505601,0.0
1191,,1505635,0.0
1192,,1505650,0.0
1193,,1505700,0.0
1194,,1505809,0.0
1195,,1505908,0.0
1196,,1506005,0.0
1197,,1506104,0.0
1198,,1506112,0.0
1199,,1506138,0.0
1200,,1506161,0.0
1201,,1506187,0.0
1202,,1506195,0.0
1203,,1506203,0.0
1204,,1506302,0.0
1205,,1506351,0.0
1206,,1506401,0.0
1207,,1506500,0.0
1208,,1506559,0.0
1209,,1506583,0.0
1210,,1506609,0.0
1211,,1506708,0.0
1212,,1506807,0.0
1213,,1506906,0.0
1214,,1507003,0.0
1215,,1507102,0.0
1216,,1507151,0.0
1217,,1507201,0.0
1218,,1507300,0.0
1219,,1507409,0.0
1220,,1507458,0.0
1221,,1507466,0.0
1222,,1507474,0.0
1223,,1507508,0.0
1224,,1507607,0.0
1225,,1507706,0.0
1226,,1507755,0.0
1227,,1507805,0.0
1228,,1507904,0.0
1229,,1507953,0.0
1230,,1507961,0.0
1231,,1507979,0.0
1232,,1508001,0.0
1233,,1508035,0.0
1234,,1508050,0.0
1235,,1508084,0.0
1236,,1508100,0.0
1237,,1508126,0.0
1238,,1508159,0.0
1239,,1508209,0.0
1240,,1508308,0.0
1241,,1508357,0.0
1242,,1508407,0.0
1243,,2300101,0.0
1244,,2300150,0.0
1245,,2300200,0.0
1246,,2300309,0.0
1247,,2300408,0.0
1248,,2300507,0.0
1249,,2300606,0.0
1250,,2300705,0.0
1251,,2300754,0.0
1252,,2300804,0.0
1253,,2300903,0.0
1254,2018.0,2301000,1.0
1255,,2301109,0.0
1256,,2301208,0.0
1257,,2301257,0.0
1258,,2301307,0.0
1259,,2301406,0.0
1260,,2301505,0.0
1261,,2301604,0.0
1262,,2301703,0.0
1263,,2301802,0.0
1264,,2301851,0.0
1265,,2301901,0.0
1266,,2301950,0.0
1267,,2302008,0.0
1268,,2302057,0.0
1269,,2302107,0.0
1270,,2302206,0.0
1271,,2302305,0.0
1272,,2302404,0.0
1273,,2302503,0.0
1274,,2302602,0.0
1275,,2302701,0.0
1276,,2302800,0.0
1277,,2302909,0.0
1278,,2303006,0.0
1279,,2303105,0.0
1280,,2303204,0.0
1281,,2303303,0.0
1282,,2303402,0.0
1283,,2303501,0.0
1284,,2303600,0.0
1285,,2303659,0.0
1286,2021.0,2303709,1.0
1287,,2303808,0.0
1288,,2303907,0.0
1289,,2303931,0.0
1290,,2303956,0.0
1291,,2304004,0.0
1292,,2304103,0.0
1293,,2304202,0.0
1294,,2304236,0.0
1295,,2304251,0.0
1296,,2304269,0.0
1297,,2304277,0.0
1298,2011.0,2304285,1.0
1299,,2304301,0.0
1300,,2304350,0.0
1301,,2304400,0.0
1302,,2304459,0.0
1303,,2304509,0.0
1304,,2304608,0.0
1305,,2304657,0.0
1306,,2304707,0.0
1307,,2304806,0.0
1308,,2304905,0.0
1309,,2304954,0.0
1310,,2305001,0.0
1311,,2305100,0.0
1312,,2305209,0.0
1313,,2305233,0.0
1314,,2305266,0.0
1315,,2305308,0.0
1316,,2305332,0.0
1317,,2305357,0.0
1318,,2305407,0.0
1319,,2305506,0.0
1320,,2305605,0.0
1321,,2305654,0.0
1322,,2305704,0.0
1323,,2305803,0.0
1324,,2305902,0.0
1325,,2306009,0.0
1326,,2306108,0.0
1327,,2306207,0.0
1328,,2306256,0.0
1329,,2306306,0.0
1330,,2306405,0.0
1331,,2306504,0.0
1332,,2306553,0.0
1333,,2306603,0.0
1334,,2306702,0.0
1335,,2306801,0.0
1336,,2306900,0.0
1337,,2307007,0.0
1338,,2307106,0.0
1339,,2307205,0.0
1340,,2307254,0.0
1341,,2307304,0.0
1342,,2307403,0.0
1343,,2307502,0.0
1344,,2307601,0.0
1345,,2307635,0.0
1346,,2307650,0.0
1347,,2307700,0.0
1348,,2307809,0.0
1349,,2307908,0.0
1350,,2308005,0.0
1351,,2308104,0.0
1352,,2308203,0.0
1353,,2308302,0.0
1354,,2308351,0.0
1355,,2308377,0.0
1356,,2308401,0.0
1357,,2308500,0.0
1358,,2308609,0.0
1359,,2308708,0.0
1360,,2308807,0.0
1361,,2308906,0.0
1362,,2309003,0.0
1363,,2309102,0.0
1364,,2309201,0.0
1365,,2309300,0.0
1366,,2309409,0.0
1367,,2309458,0.0
1368,,2309508,0.0
1369,,2309607,0.0
1370,,2309706,0.0
1371,,2309805,0.0
1372,,2309904,0.0
1373,,2310001,0.0
1374,,2310100,0.0
1375,,2310209,0.0
1376,,2310258,0.0
1377,,2310308,0.0
1378,,2310407,0.0
1379,,2310506,0.0
1380,,2310605,0.0
1381,,2310704,0.0
1382,,2310803,0.0
1383,,2310852,0.0
1384,,2310902,0.0
1385,,2310951,0.0
1386,,2311009,0.0
1387,,2311108,0.0
1388,,2311207,0.0
1389,,2311231,0.0
1390,,2311264,0.0
1391,,2311306,0.0
1392,,2311355,0.0
1393,,2311405,0.0
1394,,2311504,0.0
1395,,2311603,0.0
1396,,2311702,0.0
1397,,2311801,0.0
1398,,2311900,0.0
1399,,2311959,0.0
1400,,2312205,0.0
1401,,2312007,0.0
1402,,2312106,0.0
1403,,2312304,0.0
1404,,2312403,0.0
1405,,2312502,0.0
1406,,2312601,0.0
1407,,2312700,0.0
1408,,2312809,0.0
1409,,2312908,0.0
1410,,2313005,0.0
1411,,2313104,0.0
1412,,2313203,0.0
1413,,2313252,0.0
1414,,2313302,0.0
1415,,2313351,0.0
1416,,2313401,0.0
1417,,2313500,0.0
1418,,2313559,0.0
1419,,2313609,0.0
1420,,2313708,0.0
1421,,2313757,0.0
1422,,2313807,0.0
1423,,2313906,0.0
1424,,2313955,0.0
1425,,2314003,0.0
1426,,2314102,0.0
1427,,2900108,0.0
1428,,2900207,0.0
1429,,2900306,0.0
1430,,2900355,0.0
1431,,2900405,0.0
1432,,2900603,0.0
1433,,2900702,0.0
1434,,2900801,0.0
1435,,2900900,0.0
1436,,2901007,0.0
1437,,2901106,0.0
1438,,2901155,0.0
1439,,2901205,0.0
1440,,2901304,0.0
1441,,2901353,0.0
1442,,2901403,0.0
1443,,2901502,0.0
1444,,2901601,0.0
1445,,2901700,0.0
1446,,2901809,0.0
1447,,2901908,0.0
1448,,2901957,0.0
1449,,2902054,0.0
1450,,2902005,0.0
1451,,2902104,0.0
1452,,2902203,0.0
1453,,2902252,0.0
1454,,2902302,0.0
1455,,2902401,0.0
1456,,2902500,0.0
1457,,2902609,0.0
1458,,2902658,0.0
1459,,2902708,0.0
1460,,2902807,0.0
1461,,2902906,0.0
1462,,2903003,0.0
1463,,2903102,0.0
1464,,2903201,0.0
1465,,2903235,0.0
1466,,2903300,0.0
1467,,2903276,0.0
1468,,2903409,0.0
1469,,2903508,0.0
1470,,2903607,0.0
1471,,2903706,0.0
1472,,2903805,0.0
1473,,2903904,0.0
1474,,2903953,0.0
1475,,2904001,0.0
1476,,2904050,0.0
1477,,2904100,0.0
1478,,2904209,0.0
1479,,2904308,0.0
1480,,2904407,0.0
1481,,2904506,0.0
1482,,2904605,0.0
1483,,2904704,0.0
1484,,2904753,0.0
1485,,2904803,0.0
1486,,2904852,0.0
1487,,2904902,0.0
1488,,2905008,0.0
1489,,2905107,0.0
1490,,2905156,0.0
1491,,2905206,0.0
1492,,2905305,0.0
1493,,2905404,0.0
1494,,2905503,0.0
1495,,2905602,0.0
1496,,2905701,0.0
1497,,2905800,0.0
1498,,2905909,0.0
1499,,2906006,0.0
1500,,2906105,0.0
1501,,2906204,0.0
1502,,2906303,0.0
1503,,2906402,0.0
1504,,2906501,0.0
1505,,2906600,0.0
1506,,2906709,0.0
1507,,2906808,0.0
1508,,2906824,0.0
1509,,2906857,0.0
1510,,2906873,0.0
1511,,2906899,0.0
1512,,2906907,0.0
1513,,2907004,0.0
1514,,2907103,0.0
1515,,2907202,0.0
1516,,2907301,0.0
1517,,2907400,0.0
1518,,2907509,0.0
1519,,2907558,0.0
1520,,2907608,0.0
1521,,2907707,0.0
1522,,2907806,0.0
1523,,2907905,0.0
1524,,2908002,0.0
1525,,2908101,0.0
1526,,2908200,0.0
1527,,2908309,0.0
1528,,2908408,0.0
1529,,2908507,0.0
1530,,2908606,0.0
1531,,2908705,0.0
1532,,2908804,0.0
1533,,2908903,0.0
1534,,2909000,0.0
1535,,2909109,0.0
1536,,2909208,0.0
1537,,2909307,0.0
1538,,2909406,0.0
1539,,2909505,0.0
1540,,2909604,0.0
1541,,2909703,0.0
1542,,2909802,0.0
1543,,2909901,0.0
1544,,2910008,0.0
1545,,2910057,0.0
1546,,2910107,0.0
1547,,2910206,0.0
1548,,2910305,0.0
1549,,2910404,0.0
1550,,2910503,0.0
1551,,2900504,0.0
1552,,2910602,0.0
1553,,2910701,0.0
1554,,2910727,0.0
1555,,2910750,0.0
1556,,2910776,0.0
1557,,2910800,0.0
1558,,2910859,0.0
1559,,2910909,0.0
1560,,2911006,0.0
1561,,2911105,0.0
1562,,2911204,0.0
1563,,2911253,0.0
1564,,2911303,0.0
1565,,2911402,0.0
1566,,2911501,0.0
1567,,2911600,0.0
1568,,2911659,0.0
1569,,2911709,0.0
1570,,2911808,0.0
1571,,2911857,0.0
1572,,2911907,0.0
1573,,2912004,0.0
1574,,2912103,0.0
1575,,2912202,0.0
1576,,2912301,0.0
1577,,2912400,0.0
1578,,2912509,0.0
1579,,2912608,0.0
1580,,2912707,0.0
1581,,2912806,0.0
1582,,2912905,0.0
1583,,2913002,0.0
1584,,2913101,0.0
1585,,2913200,0.0
1586,,2913309,0.0
1587,,2913408,0.0
1588,,2913457,0.0
1589,,2913507,0.0
1590,,2913606,0.0
1591,,2913705,0.0
1592,,2913804,0.0
1593,,2913903,0.0
1594,,2914000,0.0
1595,,2914109,0.0
1596,,2914208,0.0
1597,,2914307,0.0
1598,,2914406,0.0
1599,,2914505,0.0
1600,,2914604,0.0
1601,,2914653,0.0
1602,,2914703,0.0
1603,,2914802,0.0
1604,,2914901,0.0
1605,,2915007,0.0
1606,,2915106,0.0
1607,,2915205,0.0
1608,,2915304,0.0
1609,,2915353,0.0
1610,,2915403,0.0
1611,,2915502,0.0
1612,,2915601,0.0
1613,,2915700,0.0
1614,,2915809,0.0
1615,,2915908,0.0
1616,,2916005,0.0
1617,,2916104,0.0
1618,,2916203,0.0
1619,,2916302,0.0
1620,,2916401,0.0
1621,,2916500,0.0
1622,,2916609,0.0
1623,,2916708,0.0
1624,,2916807,0.0
1625,,2916856,0.0
1626,,2916906,0.0
1627,,2917003,0.0
1628,,2917102,0.0
1629,,2917201,0.0
1630,,2917300,0.0
1631,,2917334,0.0
1632,,2917359,0.0
1633,,2917409,0.0
1634,,2917508,0.0
1635,,2917607,0.0
1636,,2917706,0.0
1637,,2917805,0.0
1638,,2917904,0.0
1639,,2918001,0.0
1640,,2918100,0.0
1641,,2918209,0.0
1642,,2918308,0.0
1643,,2918357,0.0
1644,,2918407,0.0
1645,,2918456,0.0
1646,,2918506,0.0
1647,,2918555,0.0
1648,,2918605,0.0
1649,,2918704,0.0
1650,,2918753,0.0
1651,,2918803,0.0
1652,,2918902,0.0
1653,,2919009,0.0
1654,,2919058,0.0
1655,,2919108,0.0
1656,,2919157,0.0
1657,,2919207,0.0
1658,,2919306,0.0
1659,,2919405,0.0
1660,,2919504,0.0
1661,,2919553,0.0
1662,,2919603,0.0
1663,,2919702,0.0
1664,,2919801,0.0
1665,,2919900,0.0
1666,,2919926,0.0
1667,,2919959,0.0
1668,,2920007,0.0
1669,,2920106,0.0
1670,,2920205,0.0
1671,,2920304,0.0
1672,,2920403,0.0
1673,,2920452,0.0
1674,,2920502,0.0
1675,,2920601,0.0
1676,,2920700,0.0
1677,,2920809,0.0
1678,,2920908,0.0
1679,,2921005,0.0
1680,,2921054,0.0
1681,,2921104,0.0
1682,,2921203,0.0
1683,,2921302,0.0
1684,,2921401,0.0
1685,,2921450,0.0
1686,,2921500,0.0
1687,,2921609,0.0
1688,,2921708,0.0
1689,,2921807,0.0
1690,,2921906,0.0
1691,,2922003,0.0
1692,,2922052,0.0
1693,,2922102,0.0
1694,,2922201,0.0
1695,,2922250,0.0
1696,,2922300,0.0
1697,,2922409,0.0
1698,,2922508,0.0
1699,,2922607,0.0
1700,,2922656,0.0
1701,,2922706,0.0
1702,,2922730,0.0
1703,,2922755,0.0
1704,,2922805,0.0
1705,,2922854,0.0
1706,,2922904,0.0
1707,,2923001,0.0
1708,,2923035,0.0
1709,,2923050,0.0
1710,,2923100,0.0
1711,,2923209,0.0
1712,,2923308,0.0
1713,,2923357,0.0
1714,,2923407,0.0
1715,,2923506,0.0
1716,,2923605,0.0
1717,,2923704,0.0
1718,,2923803,0.0
1719,,2923902,0.0
1720,,2924009,0.0
1721,,2924058,0.0
1722,,2924108,0.0
1723,,2924207,0.0
1724,,2924306,0.0
1725,,2924405,0.0
1726,,2924504,0.0
1727,,2924603,0.0
1728,,2924652,0.0
1729,,2924678,0.0
1730,,2924702,0.0
1731,,2924801,0.0
1732,,2924900,0.0
1733,,2925006,0.0
1734,,2925105,0.0
1735,,2925204,0.0
1736,,2925253,0.0
1737,,2925303,0.0
1738,,2925402,0.0
1739,,2925501,0.0
1740,,2925600,0.0
1741,,2925709,0.0
1742,,2925758,0.0
1743,,2925808,0.0
1744,,2925907,0.0
1745,,2925931,0.0
1746,,2925956,0.0
1747,,2926004,0.0
1748,,2926103,0.0
1749,,2926202,0.0
1750,,2926301,0.0
1751,,2926400,0.0
1752,,2926509,0.0
1753,,2926608,0.0
1754,,2926657,0.0
1755,,2926707,0.0
1756,,2926806,0.0
1757,,2926905,0.0
1758,,2927002,0.0
1759,,2927101,0.0
1760,,2927200,0.0
1761,,2927309,0.0
1762,,2927408,0.0
1763,,2927507,0.0
1764,,2927606,0.0
1765,,2927705,0.0
1766,,2927804,0.0
1767,,2927903,0.0
1768,,2928059,0.0
1769,,2928109,0.0
1770,,2928406,0.0
1771,,2928505,0.0
1772,,2928000,0.0
1773,,2928208,0.0
1774,,2928307,0.0
1775,,2928604,0.0
1776,,2928703,0.0
1777,,2928802,0.0
1778,,2928901,0.0
1779,,2928950,0.0
1780,,2929107,0.0
1781,,2929008,0.0
1782,,2929057,0.0
1783,,2929206,0.0
1784,,2929255,0.0
1785,,2929305,0.0
1786,,2929354,0.0
1787,,2929370,0.0
1788,,2929404,0.0
1789,,2929503,0.0
1790,,2929602,0.0
1791,,2929701,0.0
1792,,2929750,0.0
1793,,2929800,0.0
1794,,2929909,0.0
1795,,2930006,0.0
1796,,2930105,0.0
1797,,2930204,0.0
1798,,2930154,0.0
1799,,2930303,0.0
1800,,2930402,0.0
1801,,2930501,0.0
1802,,2930600,0.0
1803,,2930709,0.0
1804,,2930758,0.0
1805,,2930766,0.0
1806,,2930774,0.0
1807,,2930808,0.0
1808,,2930907,0.0
1809,,2931004,0.0
1810,,2931053,0.0
1811,,2931103,0.0
1812,,2931202,0.0
1813,,2931301,0.0
1814,,2931350,0.0
1815,,2931400,0.0
1816,,2931509,0.0
1817,,2931608,0.0
1818,,2931707,0.0
1819,,2931806,0.0
1820,,2931905,0.0
1821,,2932002,0.0
1822,,2932101,0.0
1823,,2932200,0.0
1824,,2932309,0.0
1825,,2932408,0.0
1826,,2932457,0.0
1827,,2932507,0.0
1828,,2932606,0.0
1829,,2932705,0.0
1830,,2932804,0.0
1831,,2932903,0.0
1832,,2933000,0.0
1833,,2933059,0.0
1834,,2933109,0.0
1835,,2933158,0.0
1836,,2933174,0.0
1837,,2933208,0.0
1838,,2933257,0.0
1839,,2933307,0.0
1840,,2933406,0.0
1841,,2933455,0.0
1842,,2933505,0.0
1843,,2933604,0.0
1844,,4100103,0.0
1845,,4100202,0.0
1846,,4100301,0.0
1847,,4100400,0.0
1848,,4100459,0.0
1849,,4128625,0.0
1850,,4100608,0.0
1851,,4100707,0.0
1852,,4100509,0.0
1853,,4100806,0.0
1854,,4100905,0.0
1855,,4101002,0.0
1856,,4101051,0.0
1857,,4101101,0.0
1858,,4101150,0.0
1859,,4101200,0.0
1860,,4101309,0.0
1861,,4101408,0.0
1862,,4101507,0.0
1863,,4101606,0.0
1864,,4101655,0.0
1865,,4101705,0.0
1866,,4101804,0.0
1867,,4101853,0.0
1868,,4101903,0.0
1869,,4102000,0.0
1870,,4102109,0.0
1871,,4102208,0.0
1872,,4102307,0.0
1873,,4102406,0.0
1874,,4102505,0.0
1875,,4102703,0.0
1876,,4102604,0.0
1877,,4102752,0.0
1878,,4102802,0.0
1879,,4102901,0.0
1880,,4103008,0.0
1881,,4103024,0.0
1882,,4103040,0.0
1883,,4103057,0.0
1884,,4103107,0.0
1885,,4103156,0.0
1886,,4103206,0.0
1887,,4103222,0.0
1888,,4103305,0.0
1889,,4103354,0.0
1890,,4103370,0.0
1891,,4103404,0.0
1892,,4103453,0.0
1893,,4103479,0.0
1894,,4103503,0.0
1895,,4103602,0.0
1896,,4103701,0.0
1897,,4103800,0.0
1898,,4103909,0.0
1899,,4103958,0.0
1900,,4104006,0.0
1901,,4104055,0.0
1902,,4104105,0.0
1903,,4104204,0.0
1904,,4104253,0.0
1905,,4104303,0.0
1906,,4104402,0.0
1907,,4104428,0.0
1908,,4104451,0.0
1909,,4104501,0.0
1910,,4104600,0.0
1911,,4104659,0.0
1912,,4104709,0.0
1913,,4104808,0.0
1914,,4104907,0.0
1915,,4105003,0.0
1916,,4105102,0.0
1917,,4105201,0.0
1918,,4105300,0.0
1919,,4105409,0.0
1920,,4105508,0.0
1921,,4105607,0.0
1922,,4105706,0.0
1923,,4105805,0.0
1924,,4105904,0.0
1925,,4106001,0.0
1926,,4106100,0.0
1927,,4106209,0.0
1928,,4106308,0.0
1929,,4106407,0.0
1930,,4106456,0.0
1931,,4106506,0.0
1932,,4106555,0.0
1933,,4106803,0.0
1934,,4106571,0.0
1935,,4106605,0.0
1936,,4106704,0.0
1937,,4106852,0.0
1938,,4106902,0.0
1939,,4107009,0.0
1940,,4107157,0.0
1941,,4107108,0.0
1942,,4107124,0.0
1943,,4107207,0.0
1944,,4107256,0.0
1945,,4107306,0.0
1946,,4128633,0.0
1947,,4107405,0.0
1948,,4107504,0.0
1949,,4107538,0.0
1950,,4107520,0.0
1951,,4107546,0.0
1952,,4107553,0.0
1953,2001.0,4107603,1.0
1954,,4107652,0.0
1955,,4107702,0.0
1956,,4107736,0.0
1957,,4107751,0.0
1958,,4107850,0.0
1959,,4107801,0.0
1960,,4107900,0.0
1961,,4108007,0.0
1962,,4108106,0.0
1963,,4108205,0.0
1964,,4108304,0.0
1965,,4108452,0.0
1966,,4108320,0.0
1967,,4108403,0.0
1968,,4108502,0.0
1969,,4108551,0.0
1970,,4108601,0.0
1971,,4108650,0.0
1972,,4108700,0.0
1973,,4108809,0.0
1974,,4108908,0.0
1975,,4108957,0.0
1976,,4109005,0.0
1977,,4109104,0.0
1978,,4109203,0.0
1979,,4109302,0.0
1980,,4109401,0.0
1981,,4109500,0.0
1982,,4109609,0.0
1983,,4109658,0.0
1984,2017.0,4109708,1.0
1985,,4109757,0.0
1986,,4109807,0.0
1987,,4109906,0.0
1988,,4110003,0.0
1989,,4110052,0.0
1990,,4110078,0.0
1991,,4110102,0.0
1992,,4110201,0.0
1993,,4110300,0.0
1994,,4110409,0.0
1995,,4110508,0.0
1996,,4110607,0.0
1997,,4110656,0.0
1998,,4110706,0.0
1999,,4110805,0.0
2000,,4110904,0.0
2001,,4110953,0.0
2002,,4111001,0.0
2003,,4111100,0.0
2004,,4111209,0.0
2005,,4111258,0.0
2006,,4111308,0.0
2007,,4111407,0.0
2008,2001.0,4111506,1.0
2009,,4111555,0.0
2010,,4111605,0.0
2011,,4111704,0.0
2012,,4111803,0.0
2013,,4111902,0.0
2014,,4112009,0.0
2015,,4112108,0.0
2016,,4112207,0.0
2017,,4112306,0.0
2018,,4112405,0.0
2019,,4112504,0.0
2020,,4112603,0.0
2021,,4112702,0.0
2022,,4112751,0.0
2023,,4112801,0.0
2024,,4112900,0.0
2025,,4112959,0.0
2026,,4113007,0.0
2027,,4113106,0.0
2028,,4113205,0.0
2029,,4113254,0.0
2030,,4113304,0.0
2031,,4113403,0.0
2032,,4113429,0.0
2033,,4113452,0.0
2034,,4113502,0.0
2035,,4113601,0.0
2036,,4113700,0.0
2037,,4113734,0.0
2038,,4113759,0.0
2039,,4113809,0.0
2040,,4113908,0.0
2041,,4114005,0.0
2042,,4114104,0.0
2043,,4114203,0.0
2044,,4114302,0.0
2045,,4114351,0.0
2046,,4114401,0.0
2047,,4114500,0.0
2048,,4114609,0.0
2049,,4114708,0.0
2050,,4114807,0.0
2051,,4114906,0.0
2052,,4115002,0.0
2053,,4115101,0.0
2054,,4115200,0.0
2055,,4115309,0.0
2056,,4115358,0.0
2057,,4115408,0.0
2058,,4115457,0.0
2059,,4115507,0.0
2060,,4115606,0.0
2061,2022.0,4115705,1.0
2062,,4115739,0.0
2063,,4115754,0.0
2064,,4115804,0.0
2065,,4115853,0.0
2066,,4115903,0.0
2067,,4116000,0.0
2068,,4116059,0.0
2069,,4116109,0.0
2070,,4116208,0.0
2071,,4116307,0.0
2072,,4116406,0.0
2073,,4116505,0.0
2074,,4116604,0.0
2075,,4116703,0.0
2076,,4116802,0.0
2077,,4116901,0.0
2078,,4116950,0.0
2079,,4117008,0.0
2080,,4117057,0.0
2081,,4117107,0.0
2082,,4117206,0.0
2083,,4117255,0.0
2084,,4117214,0.0
2085,,4117222,0.0
2086,,4117271,0.0
2087,,4117297,0.0
2088,,4117305,0.0
2089,,4117404,0.0
2090,,4117453,0.0
2091,,4117503,0.0
2092,,4117602,0.0
2093,,4117701,0.0
2094,,4117800,0.0
2095,,4117909,0.0
2096,,4118006,0.0
2097,,4118105,0.0
2098,2022.0,4118204,1.0
2099,,4118303,0.0
2100,,4118402,0.0
2101,,4118451,0.0
2102,,4118501,0.0
2103,,4118600,0.0
2104,,4118709,0.0
2105,,4118808,0.0
2106,,4118857,0.0
2107,,4118907,0.0
2108,,4119004,0.0
2109,,4119103,0.0
2110,,4119152,0.0
2111,,4119251,0.0
2112,,4119202,0.0
2113,,4119301,0.0
2114,,4119400,0.0
2115,,4119509,0.0
2116,2012.0,4119608,1.0
2117,,4119657,0.0
2118,,4119707,0.0
2119,,4119806,0.0
2120,,4119905,0.0
2121,,4119954,0.0
2122,,4120002,0.0
2123,,4120101,0.0
2124,,4120150,0.0
2125,,4120200,0.0
2126,,4120309,0.0
2127,,4120333,0.0
2128,,4120358,0.0
2129,,4120408,0.0
2130,,4120507,0.0
2131,,4120606,0.0
2132,,4120655,0.0
2133,,4120705,0.0
2134,2022.0,4120804,1.0
2135,,4120853,0.0
2136,,4120903,0.0
2137,,4121000,0.0
2138,,4121109,0.0
2139,,4121208,0.0
2140,,4121257,0.0
2141,,4121307,0.0
2142,,4121356,0.0
2143,,4121406,0.0
2144,,4121505,0.0
2145,,4121604,0.0
2146,,4121703,0.0
2147,,4121752,0.0
2148,,4121802,0.0
2149,,4121901,0.0
2150,,4122008,0.0
2151,,4122107,0.0
2152,,4122156,0.0
2153,,4122172,0.0
2154,,4122206,0.0
2155,,4122305,0.0
2156,,4122404,0.0
2157,,4122503,0.0
2158,,4122602,0.0
2159,,4122651,0.0
2160,,4122701,0.0
2161,,4122800,0.0
2162,,4122909,0.0
2163,,4123006,0.0
2164,,4123105,0.0
2165,,4123204,0.0
2166,,4123303,0.0
2167,,4123402,0.0
2168,,4123501,0.0
2169,,4123600,0.0
2170,,4123709,0.0
2171,,4123808,0.0
2172,,4123824,0.0
2173,,4123857,0.0
2174,,4123907,0.0
2175,,4123956,0.0
2176,,4124020,0.0
2177,,4124053,0.0
2178,,4124004,0.0
2179,,4124103,0.0
2180,,4124202,0.0
2181,,4124301,0.0
2182,,4124400,0.0
2183,,4124509,0.0
2184,,4124608,0.0
2185,,4124707,0.0
2186,,4124806,0.0
2187,,4124905,0.0
2188,,4125001,0.0
2189,,4125100,0.0
2190,,4125209,0.0
2191,,4125308,0.0
2192,,4125357,0.0
2193,,4125407,0.0
2194,,4125456,0.0
2195,,4125506,0.0
2196,,4125555,0.0
2197,,4125605,0.0
2198,,4125704,0.0
2199,,4125753,0.0
2200,,4125803,0.0
2201,,4125902,0.0
2202,,4126009,0.0
2203,,4126108,0.0
2204,,4126207,0.0
2205,,4126256,0.0
2206,,4126272,0.0
2207,,4126306,0.0
2208,,4126355,0.0
2209,,4126405,0.0
2210,,4126504,0.0
2211,,4126603,0.0
2212,,4126652,0.0
2213,,4126678,0.0
2214,,4126702,0.0
2215,,4126801,0.0
2216,,4126900,0.0
2217,,4127007,0.0
2218,,4127106,0.0
2219,,4127205,0.0
2220,,4127304,0.0
2221,,4127403,0.0
2222,,4127502,0.0
2223,,4127601,0.0
2224,,4127700,0.0
2225,,4127809,0.0
2226,,4127858,0.0
2227,,4127882,0.0
2228,,4127908,0.0
2229,,4127957,0.0
2230,,4127965,0.0
2231,,4128005,0.0
2232,,4128104,0.0
2233,,4128203,0.0
2234,,4128302,0.0
2235,,4128401,0.0
2236,,4128534,0.0
2237,,4128559,0.0
2238,,4128609,0.0
2239,,4128658,0.0
2240,,4128708,0.0
2241,2008.0,4128500,1.0
2242,,4128807,0.0
2243,,4200051,0.0
2244,,4200101,0.0
2245,,4200200,0.0
2246,,4200309,0.0
2247,,4200408,0.0
2248,,4200507,0.0
2249,,4200556,0.0
2250,,4200606,0.0
2251,,4200705,0.0
2252,,4200754,0.0
2253,,4200804,0.0
2254,,4200903,0.0
2255,,4201000,0.0
2256,,4201109,0.0
2257,,4201208,0.0
2258,,4201257,0.0
2259,,4201273,0.0
2260,,4201307,0.0
2261,,4201406,0.0
2262,,4201505,0.0
2263,,4201604,0.0
2264,,4201653,0.0
2265,,4201703,0.0
2266,,4201802,0.0
2267,,4201901,0.0
2268,,4201950,0.0
2269,,4202057,0.0
2270,,4202008,0.0
2271,,4202073,0.0
2272,,4212809,0.0
2273,,4220000,0.0
2274,,4202081,0.0
2275,,4202099,0.0
2276,,4202107,0.0
2277,,4202131,0.0
2278,,4202156,0.0
2279,,4202206,0.0
2280,,4202305,0.0
2281,,4202404,0.0
2282,,4202438,0.0
2283,,4202503,0.0
2284,,4202537,0.0
2285,,4202578,0.0
2286,,4202602,0.0
2287,,4202453,0.0
2288,,4202701,0.0
2289,,4202800,0.0
2290,,4202859,0.0
2291,,4202875,0.0
2292,,4202909,0.0
2293,,4203006,0.0
2294,,4203105,0.0
2295,,4203154,0.0
2296,,4203204,0.0
2297,,4203303,0.0
2298,,4203402,0.0
2299,,4203501,0.0
2300,,4203600,0.0
2301,,4203709,0.0
2302,,4203808,0.0
2303,,4203253,0.0
2304,,4203907,0.0
2305,,4203956,0.0
2306,,4204004,0.0
2307,,4204103,0.0
2308,,4204152,0.0
2309,,4204178,0.0
2310,,4204194,0.0
2311,,4204202,0.0
2312,,4204251,0.0
2313,,4204301,0.0
2314,,4204350,0.0
2315,,4204400,0.0
2316,,4204459,0.0
2317,,4204558,0.0
2318,,4204509,0.0
2319,,4204608,0.0
2320,,4204707,0.0
2321,,4204756,0.0
2322,,4204806,0.0
2323,,4204905,0.0
2324,,4205001,0.0
2325,,4205100,0.0
2326,,4205159,0.0
2327,,4205175,0.0
2328,,4205191,0.0
2329,,4205209,0.0
2330,,4205308,0.0
2331,,4205357,0.0
2332,,4205407,0.0
2333,,4205431,0.0
2334,,4205456,0.0
2335,,4205506,0.0
2336,,4205555,0.0
2337,,4205605,0.0
2338,,4205704,0.0
2339,,4205803,0.0
2340,,4205902,0.0
2341,,4206009,0.0
2342,,4206108,0.0
2343,,4206207,0.0
2344,,4206306,0.0
2345,,4206405,0.0
2346,,4206504,0.0
2347,,4206603,0.0
2348,,4206652,0.0
2349,,4206702,0.0
2350,,4206751,0.0
2351,,4206801,0.0
2352,,4206900,0.0
2353,,4207007,0.0
2354,,4207106,0.0
2355,,4207205,0.0
2356,,4207304,0.0
2357,,4207403,0.0
2358,,4207502,0.0
2359,,4207577,0.0
2360,,4207601,0.0
2361,,4207650,0.0
2362,,4207684,0.0
2363,,4207700,0.0
2364,,4207759,0.0
2365,,4207809,0.0
2366,,4207858,0.0
2367,,4207908,0.0
2368,,4208005,0.0
2369,,4208104,0.0
2370,,4208203,0.0
2371,,4208302,0.0
2372,,4208401,0.0
2373,,4208450,0.0
2374,,4208500,0.0
2375,,4208609,0.0
2376,,4208708,0.0
2377,,4208807,0.0
2378,,4208906,0.0
2379,,4208955,0.0
2380,,4209003,0.0
2381,,4209102,0.0
2382,,4209151,0.0
2383,,4209177,0.0
2384,,4209201,0.0
2385,,4209300,0.0
2386,,4209409,0.0
2387,,4209458,0.0
2388,,4209508,0.0
2389,,4209607,0.0
2390,,4209706,0.0
2391,,4209805,0.0
2392,,4209854,0.0
2393,,4209904,0.0
2394,,4210001,0.0
2395,,4210035,0.0
2396,,4210050,0.0
2397,,4210100,0.0
2398,,4210209,0.0
2399,,4210308,0.0
2400,,4210407,0.0
2401,,4210506,0.0
2402,,4210555,0.0
2403,,4210605,0.0
2404,,4210704,0.0
2405,,4210803,0.0
2406,,4210852,0.0
2407,,4210902,0.0
2408,,4211009,0.0
2409,,4211058,0.0
2410,,4211108,0.0
2411,,4211207,0.0
2412,,4211256,0.0
2413,,4211306,0.0
2414,,4211405,0.0
2415,,4211454,0.0
2416,,4211504,0.0
2417,,4211603,0.0
2418,,4211652,0.0
2419,,4211702,0.0
2420,,4211751,0.0
2421,,4211801,0.0
2422,,4211850,0.0
2423,,4211876,0.0
2424,,4211892,0.0
2425,,4211900,0.0
2426,,4212007,0.0
2427,,4212056,0.0
2428,,4212106,0.0
2429,,4212205,0.0
2430,,4212239,0.0
2431,,4212254,0.0
2432,,4212270,0.0
2433,,4212304,0.0
2434,,4212403,0.0
2435,,4212502,0.0
2436,,4212601,0.0
2437,,4212650,0.0
2438,,4212700,0.0
2439,,4212908,0.0
2440,,4213005,0.0
2441,,4213104,0.0
2442,,4213153,0.0
2443,,4213203,0.0
2444,,4213302,0.0
2445,,4213351,0.0
2446,,4213401,0.0
2447,,4213500,0.0
2448,,4213609,0.0
2449,,4213708,0.0
2450,,4213807,0.0
2451,,4213906,0.0
2452,,4214003,0.0
2453,,4214102,0.0
2454,,4214151,0.0
2455,,4214201,0.0
2456,,4214300,0.0
2457,,4214409,0.0
2458,,4214508,0.0
2459,,4214607,0.0
2460,,4214805,0.0
2461,,4214706,0.0
2462,,4214904,0.0
2463,,4215000,0.0
2464,,4215059,0.0
2465,,4215075,0.0
2466,,4215109,0.0
2467,,4215208,0.0
2468,,4215307,0.0
2469,,4215356,0.0
2470,,4215406,0.0
2471,,4215455,0.0
2472,,4215505,0.0
2473,,4215554,0.0
2474,,4215604,0.0
2475,,4215653,0.0
2476,,4215679,0.0
2477,,4215687,0.0
2478,,4215695,0.0
2479,,4215703,0.0
2480,,4215802,0.0
2481,,4215752,0.0
2482,,4215901,0.0
2483,,4216008,0.0
2484,,4216057,0.0
2485,,4216107,0.0
2486,,4216206,0.0
2487,,4216305,0.0
2488,,4216354,0.0
2489,,4216255,0.0
2490,,4216404,0.0
2491,,4216503,0.0
2492,,4216602,0.0
2493,,4216701,0.0
2494,,4216800,0.0
2495,,4216909,0.0
2496,,4217006,0.0
2497,,4217105,0.0
2498,,4217154,0.0
2499,,4217204,0.0
2500,,4217253,0.0
2501,,4217303,0.0
2502,,4217402,0.0
2503,,4217501,0.0
2504,,4217550,0.0
2505,,4217600,0.0
2506,,4217709,0.0
2507,,4217758,0.0
2508,,4217808,0.0
2509,,4217907,0.0
2510,,4217956,0.0
2511,,4218004,0.0
2512,,4218103,0.0
2513,,4218202,0.0
2514,,4218251,0.0
2515,,4218301,0.0
2516,,4218350,0.0
2517,,4218400,0.0
2518,,4218509,0.0
2519,,4218608,0.0
2520,,4218707,0.0
2521,,4218756,0.0
2522,,4218806,0.0
2523,,4218855,0.0
2524,,4218905,0.0
2525,,4218954,0.0
2526,,4219002,0.0
2527,,4219101,0.0
2528,,4219150,0.0
2529,,4219176,0.0
2530,,4219200,0.0
2531,,4219309,0.0
2532,,4219358,0.0
2533,,4219408,0.0
2534,,4219507,0.0
2535,,4219606,0.0
2536,,4219705,0.0
2537,,4219853,0.0
2538,,2600054,0.0
2539,,2600104,0.0
2540,,2600203,0.0
2541,,2600302,0.0
2542,,2600401,0.0
2543,,2600500,0.0
2544,,2600609,0.0
2545,,2600708,0.0
2546,,2600807,0.0
2547,,2600906,0.0
2548,,2601003,0.0
2549,,2601052,0.0
2550,,2601102,0.0
2551,,2601201,0.0
2552,,2601300,0.0
2553,,2601409,0.0
2554,,2601508,0.0
2555,,2601607,0.0
2556,,2601706,0.0
2557,,2601805,0.0
2558,,2601904,0.0
2559,,2602001,0.0
2560,,2602100,0.0
2561,,2602209,0.0
2562,,2602308,0.0
2563,,2602407,0.0
2564,,2602506,0.0
2565,,2602605,0.0
2566,,2602704,0.0
2567,,2602803,0.0
2568,,2602902,0.0
2569,,2603009,0.0
2570,,2603108,0.0
2571,,2603207,0.0
2572,,2603306,0.0
2573,,2603405,0.0
2574,,2603454,0.0
2575,,2603504,0.0
2576,,2603603,0.0
2577,,2603702,0.0
2578,,2603801,0.0
2579,,2603900,0.0
2580,,2603926,0.0
2581,,2604007,0.0
2582,,2604106,0.0
2583,,2604155,0.0
2584,,2604205,0.0
2585,,2604304,0.0
2586,,2604403,0.0
2587,,2604502,0.0
2588,,2604601,0.0
2589,,2604700,0.0
2590,,2604809,0.0
2591,,2604908,0.0
2592,,2605004,0.0
2593,,2605103,0.0
2594,,2605152,0.0
2595,,2605202,0.0
2596,,2605301,0.0
2597,,2605400,0.0
2598,,2605459,0.0
2599,,2605509,0.0
2600,,2605608,0.0
2601,,2605707,0.0
2602,,2605806,0.0
2603,,2605905,0.0
2604,,2606002,0.0
2605,,2606101,0.0
2606,,2606200,0.0
2607,,2606309,0.0
2608,,2606408,0.0
2609,,2606507,0.0
2610,,2606606,0.0
2611,,2606705,0.0
2612,,2606804,0.0
2613,,2606903,0.0
2614,,2607604,0.0
2615,,2607000,0.0
2616,,2607109,0.0
2617,,2607208,0.0
2618,,2607307,0.0
2619,,2607406,0.0
2620,,2607505,0.0
2621,,2607653,0.0
2622,,2607703,0.0
2623,,2607752,0.0
2624,,2607802,0.0
2625,,2607901,0.0
2626,,2607950,0.0
2627,,2608008,0.0
2628,,2608057,0.0
2629,,2608107,0.0
2630,,2608206,0.0
2631,,2608255,0.0
2632,,2608305,0.0
2633,,2608404,0.0
2634,,2608503,0.0
2635,,2608453,0.0
2636,,2608602,0.0
2637,,2608701,0.0
2638,,2608750,0.0
2639,,2608800,0.0
2640,,2608909,0.0
2641,,2609006,0.0
2642,,2609105,0.0
2643,,2609154,0.0
2644,,2609204,0.0
2645,,2609303,0.0
2646,,2614303,0.0
2647,,2609402,0.0
2648,,2609501,0.0
2649,,2609600,0.0
2650,,2609709,0.0
2651,,2609808,0.0
2652,,2609907,0.0
2653,,2610004,0.0
2654,,2610103,0.0
2655,,2610202,0.0
2656,,2610301,0.0
2657,,2610400,0.0
2658,,2610509,0.0
2659,,2610608,0.0
2660,,2610707,0.0
2661,,2610806,0.0
2662,,2610905,0.0
2663,,2611002,0.0
2664,,2611101,0.0
2665,,2611200,0.0
2666,,2611309,0.0
2667,,2611408,0.0
2668,,2611507,0.0
2669,,2611533,0.0
2670,,2611606,0.0
2671,,2611705,0.0
2672,,2611804,0.0
2673,,2611903,0.0
2674,,2612000,0.0
2675,,2612109,0.0
2676,,2612208,0.0
2677,,2612307,0.0
2678,,2612406,0.0
2679,,2612455,0.0
2680,,2612471,0.0
2681,,2612505,0.0
2682,,2612554,0.0
2683,,2612604,0.0
2684,,2612703,0.0
2685,,2612802,0.0
2686,,2612901,0.0
2687,,2613008,0.0
2688,,2613107,0.0
2689,,2613206,0.0
2690,,2613305,0.0
2691,,2613404,0.0
2692,,2613503,0.0
2693,,2613602,0.0
2694,,2613701,0.0
2695,,2613800,0.0
2696,,2613909,0.0
2697,,2614006,0.0
2698,,2614105,0.0
2699,,2614204,0.0
2700,,2614402,0.0
2701,,2614501,0.0
2702,,2614600,0.0
2703,,2614709,0.0
2704,,2614808,0.0
2705,,2614857,0.0
2706,,2615003,0.0
2707,,2615102,0.0
2708,,2615201,0.0
2709,,2615300,0.0
2710,,2615409,0.0
2711,,2615508,0.0
2712,,2615607,0.0
2713,,2615706,0.0
2714,,2615805,0.0
2715,,2615904,0.0
2716,,2616001,0.0
2717,,2616100,0.0
2718,,2616183,0.0
2719,,2616209,0.0
2720,,2616308,0.0
2721,,2616407,0.0
2722,,2616506,0.0
2723,,1700251,0.0
2724,,1700301,0.0
2725,,1700350,0.0
2726,,1700400,0.0
2727,,1700707,0.0
2728,,1701002,0.0
2729,,1701051,0.0
2730,,1701101,0.0
2731,,1701309,0.0
2732,,1701903,0.0
2733,,1702000,0.0
2734,,1702109,0.0
2735,,1702158,0.0
2736,,1702208,0.0
2737,,1702307,0.0
2738,,1702406,0.0
2739,,1702554,0.0
2740,,1702703,0.0
2741,,1702901,0.0
2742,,1703008,0.0
2743,,1703057,0.0
2744,,1703073,0.0
2745,,1703107,0.0
2746,,1703206,0.0
2747,,1703305,0.0
2748,,1703602,0.0
2749,,1703701,0.0
2750,,1703800,0.0
2751,,1703826,0.0
2752,,1703842,0.0
2753,,1703867,0.0
2754,,1703883,0.0
2755,,1703891,0.0
2756,,1703909,0.0
2757,,1704105,0.0
2758,,1705102,0.0
2759,,1704600,0.0
2760,,1705508,0.0
2761,,1716703,0.0
2762,,1705557,0.0
2763,,1705607,0.0
2764,,1706001,0.0
2765,,1706100,0.0
2766,,1706258,0.0
2767,,1706506,0.0
2768,,1707009,0.0
2769,,1707108,0.0
2770,,1707207,0.0
2771,,1707306,0.0
2772,,1707405,0.0
2773,,1707553,0.0
2774,,1707652,0.0
2775,,1707702,0.0
2776,,1708205,0.0
2777,,1708254,0.0
2778,,1708304,0.0
2779,,1709005,0.0
2780,,1709302,0.0
2781,,1709500,0.0
2782,,1709807,0.0
2783,,1710508,0.0
2784,,1710706,0.0
2785,,1710904,0.0
2786,,1711100,0.0
2787,,1711506,0.0
2788,,1711803,0.0
2789,,1711902,0.0
2790,,1711951,0.0
2791,,1712009,0.0
2792,,1712157,0.0
2793,,1712405,0.0
2794,,1712454,0.0
2795,,1712504,0.0
2796,,1712702,0.0
2797,,1712801,0.0
2798,,1713205,0.0
2799,,1713304,0.0
2800,,1713601,0.0
2801,,1713700,0.0
2802,,1713957,0.0
2803,,1714203,0.0
2804,,1714302,0.0
2805,,1714880,0.0
2806,,1715002,0.0
2807,,1715101,0.0
2808,,1715150,0.0
2809,,1715259,0.0
2810,,1715507,0.0
2811,,1721000,0.0
2812,,1715705,0.0
2813,,1713809,0.0
2814,,1715754,0.0
2815,,1716109,0.0
2816,,1716208,0.0
2817,,1716307,0.0
2818,,1716505,0.0
2819,,1716604,0.0
2820,,1716653,0.0
2821,,1717008,0.0
2822,,1717206,0.0
2823,,1717503,0.0
2824,,1717800,0.0
2825,,1717909,0.0
2826,,1718006,0.0
2827,,1718204,0.0
2828,,1718303,0.0
2829,,1718402,0.0
2830,,1718451,0.0
2831,,1718501,0.0
2832,,1718550,0.0
2833,,1718659,0.0
2834,,1718709,0.0
2835,,1718758,0.0
2836,,1718808,0.0
2837,,1718840,0.0
2838,,1718865,0.0
2839,,1718881,0.0
2840,,1718899,0.0
2841,,1718907,0.0
2842,,1719004,0.0
2843,,1720002,0.0
2844,,1720101,0.0
2845,,1720150,0.0
2846,,1720200,0.0
2847,,1720259,0.0
2848,,1720309,0.0
2849,,1720499,0.0
2850,,1720655,0.0
2851,,1720804,0.0
2852,,1720853,0.0
2853,,1720903,0.0
2854,,1720937,0.0
2855,,1720978,0.0
2856,,1721109,0.0
2857,,1721208,0.0
2858,,1721257,0.0
2859,,1721307,0.0
2860,,1722081,0.0
2861,,1722107,0.0
2862,,2100055,0.0
2863,,2100105,0.0
2864,,2100154,0.0
2865,,2100204,0.0
2866,,2100303,0.0
2867,,2100402,0.0
2868,,2100436,0.0
2869,,2100477,0.0
2870,,2100501,0.0
2871,,2100550,0.0
2872,,2100600,0.0
2873,,2100709,0.0
2874,,2100808,0.0
2875,,2100832,0.0
2876,,2100873,0.0
2877,,2100907,0.0
2878,,2100956,0.0
2879,,2101004,0.0
2880,,2101103,0.0
2881,,2101202,0.0
2882,,2101251,0.0
2883,,2101301,0.0
2884,,2101350,0.0
2885,,2101400,0.0
2886,,2101509,0.0
2887,,2101608,0.0
2888,,2101707,0.0
2889,,2101772,0.0
2890,,2101731,0.0
2891,,2101806,0.0
2892,,2101905,0.0
2893,,2101939,0.0
2894,,2101970,0.0
2895,,2102002,0.0
2896,,2102036,0.0
2897,,2102077,0.0
2898,,2102101,0.0
2899,,2102150,0.0
2900,,2102200,0.0
2901,,2102309,0.0
2902,,2102325,0.0
2903,,2102358,0.0
2904,,2102374,0.0
2905,,2102408,0.0
2906,,2102507,0.0
2907,,2102556,0.0
2908,,2102606,0.0
2909,,2102705,0.0
2910,,2102754,0.0
2911,,2102804,0.0
2912,,2102903,0.0
2913,,2103000,0.0
2914,,2103109,0.0
2915,,2103125,0.0
2916,,2103158,0.0
2917,,2103174,0.0
2918,,2103208,0.0
2919,,2103257,0.0
2920,,2103307,0.0
2921,,2103406,0.0
2922,,2103505,0.0
2923,,2103554,0.0
2924,,2103604,0.0
2925,,2103703,0.0
2926,,2103752,0.0
2927,,2103802,0.0
2928,,2103901,0.0
2929,,2104008,0.0
2930,,2104057,0.0
2931,,2104073,0.0
2932,,2104081,0.0
2933,,2104099,0.0
2934,,2104107,0.0
2935,,2104206,0.0
2936,,2104305,0.0
2937,,2104404,0.0
2938,,2104503,0.0
2939,,2104552,0.0
2940,,2104602,0.0
2941,,2104628,0.0
2942,,2104651,0.0
2943,,2104677,0.0
2944,,2104701,0.0
2945,,2104800,0.0
2946,,2104909,0.0
2947,,2105005,0.0
2948,,2105104,0.0
2949,,2105153,0.0
2950,,2105203,0.0
2951,,2105302,0.0
2952,,2105351,0.0
2953,,2105401,0.0
2954,,2105427,0.0
2955,,2105450,0.0
2956,,2105476,0.0
2957,,2105500,0.0
2958,,2105609,0.0
2959,,2105658,0.0
2960,,2105708,0.0
2961,,2105807,0.0
2962,,2105948,0.0
2963,,2105906,0.0
2964,,2105922,0.0
2965,,2105963,0.0
2966,,2105989,0.0
2967,,2106003,0.0
2968,,2106102,0.0
2969,,2106201,0.0
2970,,2106300,0.0
2971,,2106326,0.0
2972,,2106359,0.0
2973,,2106375,0.0
2974,,2106409,0.0
2975,,2106508,0.0
2976,,2106607,0.0
2977,,2106631,0.0
2978,,2106672,0.0
2979,,2106706,0.0
2980,,2106755,0.0
2981,,2106805,0.0
2982,,2106904,0.0
2983,,2107001,0.0
2984,,2107100,0.0
2985,,2107209,0.0
2986,,2107258,0.0
2987,,2107308,0.0
2988,,2107357,0.0
2989,,2107407,0.0
2990,,2107456,0.0
2991,,2107506,0.0
2992,,2107605,0.0
2993,,2107704,0.0
2994,,2107803,0.0
2995,,2107902,0.0
2996,,2108009,0.0
2997,,2108058,0.0
2998,,2108108,0.0
2999,,2108207,0.0
3000,,2108256,0.0
3001,,2108306,0.0
3002,,2108405,0.0
3003,,2108454,0.0
3004,,2108504,0.0
3005,,2108603,0.0
3006,,2108702,0.0
3007,,2108801,0.0
3008,,2108900,0.0
3009,,2109007,0.0
3010,,2109056,0.0
3011,,2109106,0.0
3012,,2109205,0.0
3013,,2109239,0.0
3014,,2109270,0.0
3015,,2109304,0.0
3016,,2109403,0.0
3017,,2109452,0.0
3018,,2109502,0.0
3019,,2109551,0.0
3020,,2109601,0.0
3021,,2109700,0.0
3022,,2109759,0.0
3023,,2109809,0.0
3024,,2109908,0.0
3025,,2110005,0.0
3026,,2110039,0.0
3027,,2110104,0.0
3028,,2110203,0.0
3029,,2110237,0.0
3030,,2110278,0.0
3031,,2110302,0.0
3032,,2110401,0.0
3033,,2110500,0.0
3034,,2110609,0.0
3035,,2110658,0.0
3036,,2110708,0.0
3037,,2110807,0.0
3038,,2110856,0.0
3039,,2110906,0.0
3040,,2111003,0.0
3041,,2111029,0.0
3042,,2111052,0.0
3043,,2111078,0.0
3044,,2111102,0.0
3045,,2111201,0.0
3046,,2111250,0.0
3047,,2111300,0.0
3048,,2111409,0.0
3049,,2111508,0.0
3050,,2111532,0.0
3051,,2111573,0.0
3052,,2111607,0.0
3053,,2111631,0.0
3054,,2111672,0.0
3055,,2111706,0.0
3056,,2111722,0.0
3057,,2111748,0.0
3058,,2111763,0.0
3059,,2111789,0.0
3060,,2111805,0.0
3061,,2111904,0.0
3062,,2111953,0.0
3063,,2112001,0.0
3064,,2112100,0.0
3065,,2112209,0.0
3066,,2112233,0.0
3067,,2112274,0.0
3068,,2112308,0.0
3069,,2112407,0.0
3070,,2112456,0.0
3071,,2112506,0.0
3072,,2112605,0.0
3073,,2112704,0.0
3074,,2112803,0.0
3075,,2112852,0.0
3076,,2112902,0.0
3077,,2113009,0.0
3078,,2114007,0.0
3079,,2400109,0.0
3080,,2400208,0.0
3081,,2400307,0.0
3082,,2400406,0.0
3083,,2400505,0.0
3084,,2400604,0.0
3085,,2400703,0.0
3086,,2400802,0.0
3087,,2400901,0.0
3088,,2401008,0.0
3089,,2401107,0.0
3090,,2401206,0.0
3091,,2401305,0.0
3092,,2401404,0.0
3093,,2401453,0.0
3094,,2401503,0.0
3095,,2401602,0.0
3096,,2401651,0.0
3097,,2401701,0.0
3098,,2401800,0.0
3099,,2401859,0.0
3100,,2401909,0.0
3101,,2402006,0.0
3102,,2402105,0.0
3103,,2402204,0.0
3104,,2402303,0.0
3105,,2402402,0.0
3106,,2402501,0.0
3107,,2402600,0.0
3108,,2402709,0.0
3109,,2402808,0.0
3110,,2402907,0.0
3111,,2403004,0.0
3112,,2403103,0.0
3113,,2403202,0.0
3114,,2403301,0.0
3115,,2403400,0.0
3116,,2403509,0.0
3117,,2403608,0.0
3118,,2403707,0.0
3119,,2403756,0.0
3120,,2403806,0.0
3121,,2403905,0.0
3122,,2404002,0.0
3123,,2404101,0.0
3124,,2404200,0.0
3125,,2404309,0.0
3126,,2404408,0.0
3127,,2404507,0.0
3128,,2404606,0.0
3129,,2404705,0.0
3130,,2404804,0.0
3131,,2404853,0.0
3132,,2404903,0.0
3133,,2405009,0.0
3134,,2405108,0.0
3135,,2405207,0.0
3136,,2405306,0.0
3137,,2405405,0.0
3138,,2405504,0.0
3139,,2405603,0.0
3140,,2405702,0.0
3141,,2405801,0.0
3142,,2405900,0.0
3143,,2406007,0.0
3144,,2406106,0.0
3145,,2406155,0.0
3146,,2406205,0.0
3147,,2406304,0.0
3148,,2406403,0.0
3149,,2406502,0.0
3150,,2406601,0.0
3151,,2406700,0.0
3152,,2406809,0.0
3153,,2406908,0.0
3154,,2407005,0.0
3155,,2407104,0.0
3156,,2407203,0.0
3157,,2407252,0.0
3158,,2407302,0.0
3159,,2407401,0.0
3160,,2407500,0.0
3161,,2407609,0.0
3162,,2407708,0.0
3163,,2407807,0.0
3164,,2407906,0.0
3165,,2408003,0.0
3166,,2408102,0.0
3167,,2408201,0.0
3168,,2408300,0.0
3169,,2408409,0.0
3170,,2408508,0.0
3171,,2408607,0.0
3172,,2408706,0.0
3173,,2408805,0.0
3174,,2408904,0.0
3175,,2403251,0.0
3176,,2409100,0.0
3177,,2409209,0.0
3178,,2409308,0.0
3179,,2409407,0.0
3180,,2409506,0.0
3181,,2409605,0.0
3182,,2409704,0.0
3183,,2409803,0.0
3184,,2409902,0.0
3185,,2410009,0.0
3186,,2410108,0.0
3187,,2410207,0.0
3188,,2410256,0.0
3189,,2410405,0.0
3190,,2410504,0.0
3191,,2410603,0.0
3192,,2410702,0.0
3193,,2410801,0.0
3194,,2410900,0.0
3195,,2408953,0.0
3196,,2411007,0.0
3197,,2411106,0.0
3198,,2411205,0.0
3199,,2409332,0.0
3200,,2411403,0.0
3201,,2411429,0.0
3202,,2411502,0.0
3203,,2411601,0.0
3204,,2411700,0.0
3205,,2411809,0.0
3206,,2411908,0.0
3207,,2412005,0.0
3208,,2412104,0.0
3209,,2412203,0.0
3210,,2412302,0.0
3211,,2412401,0.0
3212,,2412500,0.0
3213,,2412559,0.0
3214,,2412609,0.0
3215,,2412708,0.0
3216,,2412807,0.0
3217,,2412906,0.0
3218,,2413003,0.0
3219,,2413102,0.0
3220,,2413201,0.0
3221,,2410306,0.0
3222,,2413300,0.0
3223,,2413359,0.0
3224,,2413409,0.0
3225,,2413508,0.0
3226,,2413557,0.0
3227,,2413607,0.0
3228,,2413706,0.0
3229,,2413805,0.0
3230,,2413904,0.0
3231,,2414001,0.0
3232,,2414100,0.0
3233,,2414159,0.0
3234,,2411056,0.0
3235,,2414209,0.0
3236,,2414308,0.0
3237,,2414407,0.0
3238,,2414456,0.0
3239,,2414506,0.0
3240,,2414605,0.0
3241,,2414704,0.0
3242,,2414753,0.0
3243,,2414803,0.0
3244,,2414902,0.0
3245,,2415008,0.0
3246,,2200053,0.0
3247,,2200103,0.0
3248,,2200202,0.0
3249,,2200251,0.0
3250,,2200277,0.0
3251,,2200301,0.0
3252,,2200400,0.0
3253,,2200459,0.0
3254,,2200509,0.0
3255,,2200608,0.0
3256,,2200707,0.0
3257,,2200806,0.0
3258,,2200905,0.0
3259,,2200954,0.0
3260,,2201002,0.0
3261,,2201051,0.0
3262,,2201101,0.0
3263,,2201150,0.0
3264,,2201176,0.0
3265,,2201200,0.0
3266,,2201309,0.0
3267,,2201408,0.0
3268,,2201507,0.0
3269,,2201556,0.0
3270,,2201572,0.0
3271,,2201606,0.0
3272,,2201705,0.0
3273,,2201739,0.0
3274,,2201770,0.0
3275,,2201804,0.0
3276,,2201903,0.0
3277,,2201919,0.0
3278,,2201929,0.0
3279,,2201945,0.0
3280,,2201960,0.0
3281,,2201988,0.0
3282,,2202000,0.0
3283,,2202026,0.0
3284,,2202059,0.0
3285,,2202075,0.0
3286,,2202083,0.0
3287,,2202091,0.0
3288,,2202109,0.0
3289,,2202117,0.0
3290,,2202133,0.0
3291,,2202174,0.0
3292,,2202208,0.0
3293,,2202251,0.0
3294,,2202307,0.0
3295,,2202406,0.0
3296,,2202455,0.0
3297,,2202505,0.0
3298,,2202539,0.0
3299,,2202554,0.0
3300,,2202604,0.0
3301,,2202653,0.0
3302,,2202703,0.0
3303,,2202711,0.0
3304,,2202729,0.0
3305,,2202737,0.0
3306,,2202752,0.0
3307,,2202778,0.0
3308,,2202802,0.0
3309,,2202851,0.0
3310,,2202901,0.0
3311,,2203008,0.0
3312,,2203107,0.0
3313,,2203206,0.0
3314,,2203230,0.0
3315,,2203271,0.0
3316,,2203255,0.0
3317,,2203305,0.0
3318,,2203354,0.0
3319,,2203404,0.0
3320,,2203453,0.0
3321,,2203420,0.0
3322,,2203503,0.0
3323,,2203602,0.0
3324,,2203701,0.0
3325,,2203750,0.0
3326,,2203800,0.0
3327,,2203859,0.0
3328,,2203909,0.0
3329,,2204006,0.0
3330,,2204105,0.0
3331,,2204154,0.0
3332,,2204204,0.0
3333,,2204303,0.0
3334,,2204352,0.0
3335,,2204402,0.0
3336,,2204501,0.0
3337,,2204550,0.0
3338,,2204600,0.0
3339,,2204659,0.0
3340,,2204709,0.0
3341,,2204808,0.0
3342,,2204907,0.0
3343,,2205003,0.0
3344,,2205102,0.0
3345,,2205151,0.0
3346,,2205201,0.0
3347,,2205250,0.0
3348,,2205276,0.0
3349,,2205300,0.0
3350,,2205359,0.0
3351,,2205409,0.0
3352,,2205458,0.0
3353,,2205508,0.0
3354,,2205516,0.0
3355,,2205524,0.0
3356,,2205532,0.0
3357,,2205557,0.0
3358,,2205573,0.0
3359,,2205565,0.0
3360,,2205581,0.0
3361,,2205599,0.0
3362,,2205540,0.0
3363,,2205607,0.0
3364,,2205706,0.0
3365,,2205805,0.0
3366,,2205854,0.0
3367,,2205904,0.0
3368,,2205953,0.0
3369,,2206001,0.0
3370,,2206050,0.0
3371,,2206100,0.0
3372,,2206209,0.0
3373,,2206308,0.0
3374,,2206357,0.0
3375,,2206407,0.0
3376,,2206506,0.0
3377,,2206605,0.0
3378,,2206654,0.0
3379,,2206670,0.0
3380,,2206696,0.0
3381,,2206704,0.0
3382,,2206720,0.0
3383,,2206753,0.0
3384,,2206803,0.0
3385,,2207959,0.0
3386,,2206902,0.0
3387,,2206951,0.0
3388,,2207009,0.0
3389,,2207108,0.0
3390,,2207207,0.0
3391,,2207306,0.0
3392,,2207355,0.0
3393,,2207405,0.0
3394,,2207504,0.0
3395,,2207553,0.0
3396,,2207603,0.0
3397,,2207702,0.0
3398,,2207751,0.0
3399,,2207777,0.0
3400,,2207793,0.0
3401,,2207801,0.0
3402,,2207850,0.0
3403,,2207900,0.0
3404,,2207934,0.0
3405,,2208007,0.0
3406,,2208106,0.0
3407,,2208205,0.0
3408,,2208304,0.0
3409,,2208403,0.0
3410,,2208502,0.0
3411,,2208551,0.0
3412,,2208601,0.0
3413,,2208650,0.0
3414,,2208700,0.0
3415,,2208809,0.0
3416,,2208858,0.0
3417,,2208874,0.0
3418,,2208908,0.0
3419,,2209005,0.0
3420,,2209104,0.0
3421,,2209153,0.0
3422,,2209203,0.0
3423,,2209302,0.0
3424,,2209377,0.0
3425,,2209351,0.0
3426,,2209401,0.0
3427,,2209450,0.0
3428,,2209500,0.0
3429,,2209559,0.0
3430,,2209609,0.0
3431,,2209658,0.0
3432,,2209708,0.0
3433,,2209757,0.0
3434,,2209807,0.0
3435,,2209856,0.0
3436,,2209872,0.0
3437,,2209906,0.0
3438,,2209955,0.0
3439,,2209971,0.0
3440,,2210003,0.0
3441,,2210052,0.0
3442,,2210102,0.0
3443,,2210201,0.0
3444,,2210300,0.0
3445,,2210359,0.0
3446,,2210375,0.0
3447,,2210383,0.0
3448,,2210391,0.0
3449,,2210409,0.0
3450,,2210508,0.0
3451,,2210607,0.0
3452,,2210623,0.0
3453,,2210631,0.0
3454,,2210656,0.0
3455,,2210706,0.0
3456,,2210805,0.0
3457,,2210904,0.0
3458,,2210938,0.0
3459,,2210953,0.0
3460,,2210979,0.0
3461,,2211001,0.0
3462,,2211100,0.0
3463,,2211209,0.0
3464,,2211308,0.0
3465,,2211357,0.0
3466,,2211407,0.0
3467,,2211506,0.0
3468,,2211605,0.0
3469,,2211704,0.0
3470,,4300034,0.0
3471,,4300059,0.0
3472,,4300109,0.0
3473,,4300208,0.0
3474,,4300307,0.0
3475,,4300406,0.0
3476,,4300455,0.0
3477,,4300471,0.0
3478,,4300505,0.0
3479,,4300554,0.0
3480,,4300570,0.0
3481,,4300604,0.0
3482,,4300638,0.0
3483,,4300646,0.0
3484,,4300661,0.0
3485,,4300703,0.0
3486,,4300802,0.0
3487,,4300851,0.0
3488,,4300877,0.0
3489,,4300901,0.0
3490,,4301008,0.0
3491,,4301073,0.0
3492,,4301057,0.0
3493,,4301206,0.0
3494,,4301107,0.0
3495,,4301305,0.0
3496,,4301404,0.0
3497,,4301503,0.0
3498,,4301552,0.0
3499,,4301602,0.0
3500,,4301636,0.0
3501,,4301651,0.0
3502,,4301701,0.0
3503,,4301750,0.0
3504,,4301859,0.0
3505,,4301875,0.0
3506,,4301909,0.0
3507,,4301925,0.0
3508,,4301958,0.0
3509,,4301800,0.0
3510,,4302006,0.0
3511,,4302055,0.0
3512,,4302105,0.0
3513,,4302154,0.0
3514,,4302204,0.0
3515,,4302220,0.0
3516,,4302238,0.0
3517,,4302253,0.0
3518,,4302303,0.0
3519,,4302352,0.0
3520,,4302378,0.0
3521,,4302402,0.0
3522,,4302451,0.0
3523,,4302501,0.0
3524,,4302584,0.0
3525,,4302600,0.0
3526,,4302659,0.0
3527,,4302709,0.0
3528,,4302808,0.0
3529,,4302907,0.0
3530,,4303004,0.0
3531,,4303103,0.0
3532,,4303202,0.0
3533,,4303301,0.0
3534,,4303400,0.0
3535,,4303509,0.0
3536,,4303558,0.0
3537,,4303608,0.0
3538,,4303673,0.0
3539,,4303707,0.0
3540,,4303806,0.0
3541,,4303905,0.0
3542,,4304002,0.0
3543,,4304101,0.0
3544,,4304200,0.0
3545,,4304309,0.0
3546,,4304358,0.0
3547,,4304408,0.0
3548,,4304507,0.0
3549,,4304606,0.0
3550,,4304614,0.0
3551,,4304622,0.0
3552,,4304630,0.0
3553,,4304655,0.0
3554,,4304663,0.0
3555,,4304689,0.0
3556,,4304697,0.0
3557,,4304671,0.0
3558,,4304713,0.0
3559,,4304705,0.0
3560,,4304804,0.0
3561,,4304853,0.0
3562,,4304903,0.0
3563,,4304952,0.0
3564,,4305009,0.0
3565,,4305108,0.0
3566,,4305116,0.0
3567,,4305124,0.0
3568,,4305132,0.0
3569,,4305157,0.0
3570,,4305173,0.0
3571,,4305207,0.0
3572,,4305306,0.0
3573,,4305355,0.0
3574,,4305371,0.0
3575,,4305405,0.0
3576,,4305439,0.0
3577,,4305447,0.0
3578,,4305454,0.0
3579,,4305504,0.0
3580,,4305587,0.0
3581,,4305603,0.0
3582,,4305702,0.0
3583,,4305801,0.0
3584,,4305835,0.0
3585,,4305850,0.0
3586,,4305871,0.0
3587,,4305900,0.0
3588,,4305934,0.0
3589,,4305959,0.0
3590,,4305975,0.0
3591,,4306007,0.0
3592,,4306056,0.0
3593,,4306072,0.0
3594,,4306106,0.0
3595,,4306130,0.0
3596,,4306205,0.0
3597,,4306304,0.0
3598,,4306320,0.0
3599,,4306353,0.0
3600,,4306379,0.0
3601,,4306403,0.0
3602,,4306429,0.0
3603,,4306452,0.0
3604,,4306502,0.0
3605,,4306601,0.0
3606,,4306551,0.0
3607,,4306700,0.0
3608,,4306734,0.0
3609,,4306759,0.0
3610,,4306767,0.0
3611,,4306809,0.0
3612,,4306908,0.0
3613,,4306924,0.0
3614,,4306957,0.0
3615,,4306932,0.0
3616,,4306973,0.0
3617,,4307005,0.0
3618,,4307054,0.0
3619,,4307203,0.0
3620,,4307302,0.0
3621,,4307401,0.0
3622,,4307450,0.0
3623,,4307500,0.0
3624,,4307559,0.0
3625,,4307609,0.0
3626,,4307708,0.0
3627,,4307807,0.0
3628,,4307815,0.0
3629,,4307831,0.0
3630,,4307864,0.0
3631,,4307906,0.0
3632,,4308003,0.0
3633,,4308052,0.0
3634,,4308078,0.0
3635,,4308102,0.0
3636,,4308201,0.0
3637,,4308250,0.0
3638,,4308300,0.0
3639,,4308409,0.0
3640,,4308433,0.0
3641,,4308458,0.0
3642,,4308508,0.0
3643,,4308607,0.0
3644,,4308656,0.0
3645,,4308706,0.0
3646,,4308805,0.0
3647,,4308854,0.0
3648,,4308904,0.0
3649,,4309001,0.0
3650,,4309050,0.0
3651,,4309100,0.0
3652,,4309126,0.0
3653,,4309159,0.0
3654,,4309209,0.0
3655,,4309258,0.0
3656,,4309308,0.0
3657,,4309407,0.0
3658,,4309506,0.0
3659,,4309555,0.0
3660,,4307104,0.0
3661,,4309571,0.0
3662,,4309605,0.0
3663,,4309654,0.0
3664,,4309704,0.0
3665,,4309753,0.0
3666,,4309803,0.0
3667,,4309902,0.0
3668,,4309951,0.0
3669,,4310009,0.0
3670,,4310108,0.0
3671,,4310207,0.0
3672,,4310306,0.0
3673,,4310330,0.0
3674,,4310363,0.0
3675,,4310405,0.0
3676,,4310413,0.0
3677,,4310439,0.0
3678,,4310462,0.0
3679,,4310504,0.0
3680,,4310538,0.0
3681,,4310553,0.0
3682,,4310579,0.0
3683,,4310603,0.0
3684,,4310652,0.0
3685,,4310702,0.0
3686,,4310751,0.0
3687,,4310801,0.0
3688,,4310850,0.0
3689,,4310876,0.0
3690,,4310900,0.0
3691,,4311007,0.0
3692,,4311106,0.0
3693,,4311122,0.0
3694,,4311130,0.0
3695,,4311155,0.0
3696,,4311205,0.0
3697,,4311239,0.0
3698,,4311270,0.0
3699,,4311304,0.0
3700,,4311254,0.0
3701,,4311403,0.0
3702,,4311429,0.0
3703,,4311502,0.0
3704,,4311601,0.0
3705,,4311627,0.0
3706,,4311643,0.0
3707,,4311718,0.0
3708,,4311700,0.0
3709,,4311734,0.0
3710,,4311759,0.0
3711,,4311775,0.0
3712,,4311791,0.0
3713,,4311809,0.0
3714,,4311908,0.0
3715,,4311981,0.0
3716,,4312005,0.0
3717,,4312054,0.0
3718,,4312104,0.0
3719,,4312138,0.0
3720,,4312153,0.0
3721,,4312179,0.0
3722,,4312203,0.0
3723,,4312252,0.0
3724,,4312302,0.0
3725,,4312351,0.0
3726,,4312377,0.0
3727,,4312385,0.0
3728,,4312401,0.0
3729,,4312427,0.0
3730,,4312443,0.0
3731,,4312450,0.0
3732,,4312476,0.0
3733,,4312500,0.0
3734,,4312609,0.0
3735,,4312617,0.0
3736,,4312625,0.0
3737,,4312658,0.0
3738,,4312674,0.0
3739,,4312708,0.0
3740,,4312757,0.0
3741,,4312807,0.0
3742,,4312906,0.0
3743,,4312955,0.0
3744,,4313003,0.0
3745,,4313011,0.0
3746,,4313037,0.0
3747,,4313060,0.0
3748,,4313086,0.0
3749,,4313102,0.0
3750,,4313201,0.0
3751,,4313300,0.0
3752,,4313334,0.0
3753,,4313359,0.0
3754,,4313375,0.0
3755,,4313490,0.0
3756,,4313391,0.0
3757,,4313409,0.0
3758,,4313425,0.0
3759,,4313441,0.0
3760,,4313466,0.0
3761,,4313508,0.0
3762,,4313607,0.0
3763,,4313656,0.0
3764,,4313706,0.0
3765,,4313805,0.0
3766,,4313904,0.0
3767,,4313953,0.0
3768,,4314001,0.0
3769,,4314027,0.0
3770,,4314035,0.0
3771,2022.0,4314050,1.0
3772,,4314068,0.0
3773,,4314076,0.0
3774,,4314100,0.0
3775,,4314134,0.0
3776,,4314159,0.0
3777,,4314175,0.0
3778,2018.0,4314209,1.0
3779,,4314308,0.0
3780,,4314407,0.0
3781,,4314423,0.0
3782,,4314456,0.0
3783,,4314464,0.0
3784,,4314472,0.0
3785,,4314498,0.0
3786,,4314506,0.0
3787,,4314548,0.0
3788,,4314555,0.0
3789,,4314605,0.0
3790,,4314704,0.0
3791,,4314753,0.0
3792,,4314779,0.0
3793,,4314787,0.0
3794,,4314803,0.0
3795,,4314902,0.0
3796,,4315008,0.0
3797,,4315057,0.0
3798,,4315073,0.0
3799,,4315107,0.0
3800,,4315131,0.0
3801,,4315149,0.0
3802,,4315156,0.0
3803,,4315172,0.0
3804,,4315206,0.0
3805,,4315305,0.0
3806,,4315313,0.0
3807,,4315321,0.0
3808,,4315354,0.0
3809,,4315404,0.0
3810,,4315453,0.0
3811,,4315503,0.0
3812,,4315552,0.0
3813,,4315602,0.0
3814,,4315701,0.0
3815,,4315750,0.0
3816,,4315800,0.0
3817,,4315909,0.0
3818,,4315958,0.0
3819,,4316006,0.0
3820,,4316105,0.0
3821,,4316204,0.0
3822,,4316303,0.0
3823,,4316402,0.0
3824,,4316428,0.0
3825,,4316436,0.0
3826,,4316451,0.0
3827,,4316477,0.0
3828,,4316501,0.0
3829,,4316600,0.0
3830,,4317103,0.0
3831,,4316709,0.0
3832,,4316733,0.0
3833,,4316758,0.0
3834,,4316808,0.0
3835,,4316972,0.0
3836,,4316907,0.0
3837,,4316956,0.0
3838,,4317202,0.0
3839,,4317251,0.0
3840,,4317301,0.0
3841,,4317004,0.0
3842,,4317400,0.0
3843,,4317509,0.0
3844,,4317608,0.0
3845,,4317707,0.0
3846,,4317558,0.0
3847,,4317756,0.0
3848,,4317806,0.0
3849,,4317905,0.0
3850,,4317954,0.0
3851,,4318002,0.0
3852,,4318051,0.0
3853,,4318101,0.0
3854,,4318200,0.0
3855,,4318309,0.0
3856,,4318408,0.0
3857,,4318424,0.0
3858,,4318432,0.0
3859,,4318440,0.0
3860,,4318457,0.0
3861,,4318465,0.0
3862,,4318481,0.0
3863,,4318499,0.0
3864,,4318507,0.0
3865,,4318606,0.0
3866,,4318614,0.0
3867,,4318622,0.0
3868,,4318705,0.0
3869,,4318804,0.0
3870,,4318903,0.0
3871,,4319000,0.0
3872,,4319109,0.0
3873,,4319125,0.0
3874,,4319158,0.0
3875,,4319208,0.0
3876,,4319307,0.0
3877,,4319356,0.0
3878,,4319364,0.0
3879,,4319372,0.0
3880,,4319406,0.0
3881,,4319505,0.0
3882,,4319604,0.0
3883,,4319703,0.0
3884,,4319711,0.0
3885,,4319737,0.0
3886,,4319752,0.0
3887,,4319802,0.0
3888,,4319901,0.0
3889,,4320008,0.0
3890,,4320107,0.0
3891,,4320206,0.0
3892,,4320230,0.0
3893,,4320263,0.0
3894,,4320305,0.0
3895,,4320321,0.0
3896,,4320354,0.0
3897,,4320404,0.0
3898,,4320453,0.0
3899,,4320503,0.0
3900,,4320552,0.0
3901,,4320578,0.0
3902,,4320602,0.0
3903,,4320651,0.0
3904,,4320677,0.0
3905,,4320701,0.0
3906,,4320800,0.0
3907,,4320859,0.0
3908,,4320909,0.0
3909,,4321006,0.0
3910,,4321105,0.0
3911,,4321204,0.0
3912,,4321303,0.0
3913,,4321329,0.0
3914,,4321352,0.0
3915,,4321402,0.0
3916,,4321436,0.0
3917,,4321451,0.0
3918,,4321469,0.0
3919,,4321477,0.0
3920,,4321493,0.0
3921,,4321501,0.0
3922,,4321600,0.0
3923,,4321626,0.0
3924,,4321634,0.0
3925,,4321667,0.0
3926,,4321709,0.0
3927,,4321808,0.0
3928,,4321832,0.0
3929,,4321857,0.0
3930,,4321907,0.0
3931,,4321956,0.0
3932,,4322004,0.0
3933,,4322103,0.0
3934,,4322152,0.0
3935,,4322186,0.0
3936,,4322202,0.0
3937,,4322251,0.0
3938,,4322301,0.0
3939,,4322327,0.0
3940,,4322343,0.0
3941,,4322350,0.0
3942,,4322376,0.0
3943,,4322400,0.0
3944,,4322509,0.0
3945,,4322533,0.0
3946,,4322541,0.0
3947,,4322525,0.0
3948,,4322558,0.0
3949,,4322608,0.0
3950,,4322707,0.0
3951,,4322806,0.0
3952,,4322855,0.0
3953,,4322905,0.0
3954,,4323002,0.0
3955,,4323101,0.0
3956,,4323200,0.0
3957,,4323309,0.0
3958,,4323358,0.0
3959,,4323408,0.0
3960,,4323457,0.0
3961,,4323507,0.0
3962,,4323606,0.0
3963,,4323705,0.0
3964,,4323754,0.0
3965,,4323770,0.0
3966,,4323804,0.0
3967,,5100102,0.0
3968,,5100201,0.0
3969,,5100250,0.0
3970,,5100300,0.0
3971,,5100359,0.0
3972,,5100409,0.0
3973,,5100508,0.0
3974,,5100607,0.0
3975,,5100805,0.0
3976,,5101001,0.0
3977,,5101209,0.0
3978,,5101258,0.0
3979,,5101308,0.0
3980,,5101407,0.0
3981,,5101605,0.0
3982,,5101704,0.0
3983,,5101803,0.0
3984,,5101852,0.0
3985,,5101902,0.0
3986,,5102504,0.0
3987,,5102603,0.0
3988,,5102637,0.0
3989,,5102678,0.0
3990,,5102686,0.0
3991,,5102694,0.0
3992,,5102702,0.0
3993,,5102793,0.0
3994,,5102850,0.0
3995,,5103007,0.0
3996,,5103056,0.0
3997,,5103106,0.0
3998,,5103205,0.0
3999,,5103254,0.0
4000,,5103304,0.0
4001,,5103353,0.0
4002,,5103361,0.0
4003,,5103379,0.0
4004,,5103403,0.0
4005,,5103437,0.0
4006,,5103452,0.0
4007,,5103502,0.0
4008,,5103601,0.0
4009,,5103700,0.0
4010,,5103809,0.0
4011,,5103858,0.0
4012,,5103908,0.0
4013,,5103957,0.0
4014,,5104104,0.0
4015,,5104203,0.0
4016,,5104500,0.0
4017,,5104526,0.0
4018,,5104542,0.0
4019,,5104559,0.0
4020,,5104609,0.0
4021,,5104807,0.0
4022,,5104906,0.0
4023,,5105002,0.0
4024,,5105101,0.0
4025,,5105150,0.0
4026,,5105176,0.0
4027,,5105200,0.0
4028,,5105234,0.0
4029,,5105259,0.0
4030,,5105309,0.0
4031,,5105580,0.0
4032,,5105606,0.0
4033,,5105622,0.0
4034,,5105903,0.0
4035,,5106000,0.0
4036,,5106109,0.0
4037,,5106158,0.0
4038,,5106208,0.0
4039,,5106216,0.0
4040,,5108808,0.0
4041,,5106182,0.0
4042,,5108857,0.0
4043,,5108907,0.0
4044,,5108956,0.0
4045,,5106224,0.0
4046,,5106174,0.0
4047,,5106232,0.0
4048,,5106190,0.0
4049,,5106240,0.0
4050,,5106257,0.0
4051,,5106273,0.0
4052,,5106265,0.0
4053,,5106315,0.0
4054,,5106281,0.0
4055,,5106299,0.0
4056,,5106307,0.0
4057,,5106372,0.0
4058,,5106422,0.0
4059,,5106455,0.0
4060,,5106505,0.0
4061,,5106653,0.0
4062,,5106703,0.0
4063,,5106752,0.0
4064,,5106778,0.0
4065,,5106802,0.0
4066,,5106828,0.0
4067,,5106851,0.0
4068,,5107008,0.0
4069,,5107040,0.0
4070,,5107065,0.0
4071,,5107156,0.0
4072,,5107180,0.0
4073,,5107198,0.0
4074,,5107206,0.0
4075,,5107578,0.0
4076,,5107602,0.0
4077,,5107701,0.0
4078,,5107750,0.0
4079,,5107248,0.0
4080,,5107743,0.0
4081,,5107768,0.0
4082,,5107776,0.0
4083,,5107263,0.0
4084,,5107792,0.0
4085,,5107800,0.0
4086,,5107859,0.0
4087,,5107297,0.0
4088,,5107305,0.0
4089,,5107354,0.0
4090,,5107107,0.0
4091,,5107404,0.0
4092,,5107875,0.0
4093,,5107883,0.0
4094,,5107909,0.0
4095,,5107925,0.0
4096,,5107941,0.0
4097,,5107958,0.0
4098,,5108006,0.0
4099,,5108055,0.0
4100,,5108105,0.0
4101,,5108204,0.0
4102,,5108303,0.0
4103,,5108352,0.0
4104,,5108402,0.0
4105,,5108501,0.0
4106,,5105507,0.0
4107,,5108600,0.0
4108,,1200013,0.0
4109,,1200054,0.0
4110,,1200104,0.0
4111,,1200138,0.0
4112,,1200179,0.0
4113,,1200203,0.0
4114,,1200252,0.0
4115,,1200302,0.0
4116,,1200328,0.0
4117,,1200336,0.0
4118,,1200344,0.0
4119,,1200351,0.0
4120,,1200385,0.0
4121,,1200807,0.0
4122,,1200393,0.0
4123,,1200401,0.0
4124,,1200427,0.0
4125,,1200435,0.0
4126,,1200500,0.0
4127,,1200450,0.0
4128,,1200609,0.0
4129,,1200708,0.0
4130,,3500105,0.0
4131,,3500204,0.0
4132,,3500303,0.0
4133,,3500402,0.0
4134,,3500501,0.0
4135,,3500550,0.0
4136,,3500600,0.0
4137,2002.0,3500709,1.0
4138,,3500758,0.0
4139,,3500808,0.0
4140,,3500907,0.0
4141,,3501004,0.0
4142,,3501103,0.0
4143,,3501152,0.0
4144,,3501202,0.0
4145,,3501301,0.0
4146,,3501400,0.0
4147,,3501509,0.0
4148,,3501608,0.0
4149,,3501707,0.0
4150,,3501806,0.0
4151,,3501905,0.0
4152,,3502002,0.0
4153,,3502101,0.0
4154,,3502200,0.0
4155,,3502309,0.0
4156,,3502408,0.0
4157,,3502507,0.0
4158,,3502606,0.0
4159,,3502705,0.0
4160,,3502754,0.0
4161,,3502804,0.0
4162,,3502903,0.0
4163,,3503000,0.0
4164,,3503109,0.0
4165,,3503158,0.0
4166,,3503208,0.0
4167,,3503307,0.0
4168,,3503356,0.0
4169,,3503406,0.0
4170,,3503505,0.0
4171,,3503604,0.0
4172,,3503703,0.0
4173,2021.0,3503802,1.0
4174,,3503901,0.0
4175,,3503950,0.0
4176,,3504008,0.0
4177,,3504107,0.0
4178,,3504206,0.0
4179,,3504305,0.0
4180,,3504404,0.0
4181,,3504503,0.0
4182,,3504602,0.0
4183,,3504701,0.0
4184,,3504800,0.0
4185,,3504909,0.0
4186,,3505005,0.0
4187,,3505104,0.0
4188,,3505203,0.0
4189,,3505302,0.0
4190,,3505351,0.0
4191,,3505401,0.0
4192,,3505500,0.0
4193,,3505609,0.0
4194,,3505708,0.0
4195,,3505807,0.0
4196,,3505906,0.0
4197,,3506003,0.0
4198,,3506102,0.0
4199,,3506201,0.0
4200,,3506300,0.0
4201,,3506359,0.0
4202,,3506409,0.0
4203,,3506508,0.0
4204,,3506607,0.0
4205,,3506706,0.0
4206,,3506805,0.0
4207,,3506904,0.0
4208,,3507001,0.0
4209,,3507100,0.0
4210,,3507159,0.0
4211,,3507209,0.0
4212,,3507308,0.0
4213,,3507407,0.0
4214,,3507456,0.0
4215,,3507506,0.0
4216,,3507605,0.0
4217,,3507704,0.0
4218,,3507753,0.0
4219,,3507803,0.0
4220,,3507902,0.0
4221,,3508009,0.0
4222,,3508108,0.0
4223,,3508207,0.0
4224,,3508306,0.0
4225,,3508405,0.0
4226,,3508504,0.0
4227,,3508603,0.0
4228,,3508702,0.0
4229,,3508801,0.0
4230,,3508900,0.0
4231,,3509007,0.0
4232,,3509106,0.0
4233,,3509205,0.0
4234,,3509254,0.0
4235,,3509304,0.0
4236,,3509403,0.0
4237,,3509452,0.0
4238,,3509502,0.0
4239,,3509601,0.0
4240,,3509700,0.0
4241,,3509809,0.0
4242,,3509908,0.0
4243,,3509957,0.0
4244,,3510005,0.0
4245,,3510104,0.0
4246,,3510153,0.0
4247,,3510203,0.0
4248,,3510302,0.0
4249,,3510401,0.0
4250,,3510500,0.0
4251,,3510609,0.0
4252,,3510708,0.0
4253,,3510807,0.0
4254,,3510906,0.0
4255,,3511003,0.0
4256,,3511102,0.0
4257,,3511201,0.0
4258,,3511300,0.0
4259,,3511409,0.0
4260,2020.0,3511508,1.0
4261,,3511607,0.0
4262,,3511706,0.0
4263,,3557204,0.0
4264,,3511904,0.0
4265,,3512001,0.0
4266,,3512100,0.0
4267,,3512209,0.0
4268,,3512308,0.0
4269,,3512407,0.0
4270,,3512506,0.0
4271,,3512605,0.0
4272,,3512704,0.0
4273,,3512803,0.0
4274,,3512902,0.0
4275,,3513009,0.0
4276,,3513108,0.0
4277,,3513207,0.0
4278,,3513306,0.0
4279,,3513405,0.0
4280,,3513504,0.0
4281,,3513603,0.0
4282,,3513702,0.0
4283,,3513801,0.0
4284,,3513850,0.0
4285,,3513900,0.0
4286,,3514007,0.0
4287,,3514106,0.0
4288,,3514205,0.0
4289,2014.0,3514304,1.0
4290,,3514403,0.0
4291,,3514502,0.0
4292,,3514601,0.0
4293,,3514700,0.0
4294,,3514809,0.0
4295,,3514908,0.0
4296,,3514924,0.0
4297,,3514957,0.0
4298,,3515004,0.0
4299,,3515103,0.0
4300,,3515129,0.0
4301,,3515152,0.0
4302,,3515186,0.0
4303,,3515194,0.0
4304,,3557303,0.0
4305,,3515202,0.0
4306,,3515301,0.0
4307,,3515350,0.0
4308,,3515400,0.0
4309,,3515608,0.0
4310,,3515509,0.0
4311,,3515657,0.0
4312,,3515707,0.0
4313,,3515806,0.0
4314,,3515905,0.0
4315,,3516002,0.0
4316,,3516101,0.0
4317,,3516200,0.0
4318,,3516309,0.0
4319,,3516408,0.0
4320,,3516507,0.0
4321,,3516606,0.0
4322,,3516705,0.0
4323,,3516804,0.0
4324,,3516853,0.0
4325,,3516903,0.0
4326,,3517000,0.0
4327,,3517109,0.0
4328,,3517208,0.0
4329,,3517307,0.0
4330,,3517406,0.0
4331,,3517505,0.0
4332,,3517604,0.0
4333,,3517703,0.0
4334,,3517802,0.0
4335,,3517901,0.0
4336,,3518008,0.0
4337,,3518107,0.0
4338,,3518206,0.0
4339,2022.0,3518305,1.0
4340,,3518404,0.0
4341,,3518503,0.0
4342,,3518602,0.0
4343,,3518701,0.0
4344,,3518800,0.0
4345,,3518859,0.0
4346,,3518909,0.0
4347,,3519006,0.0
4348,2007.0,3519055,1.0
4349,,3519071,0.0
4350,,3519105,0.0
4351,,3519204,0.0
4352,,3519253,0.0
4353,,3519303,0.0
4354,,3519402,0.0
4355,,3519501,0.0
4356,,3519600,0.0
4357,,3519709,0.0
4358,,3519808,0.0
4359,,3519907,0.0
4360,,3520004,0.0
4361,,3520103,0.0
4362,,3520202,0.0
4363,,3520301,0.0
4364,,3520426,0.0
4365,,3520442,0.0
4366,,3520400,0.0
4367,,3520509,0.0
4368,,3520608,0.0
4369,,3520707,0.0
4370,,3520806,0.0
4371,,3520905,0.0
4372,,3521002,0.0
4373,,3521101,0.0
4374,,3521150,0.0
4375,,3521200,0.0
4376,,3521309,0.0
4377,,3521408,0.0
4378,,3521507,0.0
4379,,3521606,0.0
4380,,3521705,0.0
4381,,3521804,0.0
4382,,3521903,0.0
4383,,3522000,0.0
4384,,3522109,0.0
4385,,3522158,0.0
4386,,3522208,0.0
4387,,3522307,0.0
4388,2021.0,3522406,1.0
4389,,3522505,0.0
4390,,3522604,0.0
4391,,3522653,0.0
4392,,3522703,0.0
4393,,3522802,0.0
4394,,3522901,0.0
4395,,3523008,0.0
4396,,3523107,0.0
4397,2022.0,3523206,1.0
4398,,3523305,0.0
4399,,3523404,0.0
4400,,3523503,0.0
4401,,3523602,0.0
4402,,3523701,0.0
4403,,3523800,0.0
4404,,3523909,0.0
4405,,3524006,0.0
4406,,3524105,0.0
4407,,3524204,0.0
4408,,3524303,0.0
4409,,3524402,0.0
4410,,3524501,0.0
4411,,3524600,0.0
4412,,3524709,0.0
4413,,3524808,0.0
4414,,3524907,0.0
4415,,3525003,0.0
4416,,3525102,0.0
4417,,3525201,0.0
4418,,3525300,0.0
4419,,3525409,0.0
4420,,3525508,0.0
4421,,3525607,0.0
4422,,3525706,0.0
4423,,3525805,0.0
4424,,3525854,0.0
4425,,3525904,0.0
4426,,3526001,0.0
4427,,3526100,0.0
4428,,3526209,0.0
4429,,3526308,0.0
4430,,3526407,0.0
4431,,3526506,0.0
4432,,3526605,0.0
4433,,3526704,0.0
4434,,3526803,0.0
4435,,3526902,0.0
4436,,3527009,0.0
4437,,3527108,0.0
4438,,3527207,0.0
4439,,3527256,0.0
4440,,3527306,0.0
4441,,3527405,0.0
4442,,3527504,0.0
4443,,3527603,0.0
4444,,3527702,0.0
4445,,3527801,0.0
4446,,3527900,0.0
4447,2004.0,3528007,1.0
4448,,3528106,0.0
4449,,3528205,0.0
4450,,3528304,0.0
4451,,3528403,0.0
4452,,3528502,0.0
4453,,3528601,0.0
4454,,3528700,0.0
4455,,3528809,0.0
4456,,3528858,0.0
4457,,3528908,0.0
4458,,3529005,0.0
4459,,3529104,0.0
4460,,3529203,0.0
4461,,3529302,0.0
4462,,3529401,0.0
4463,,3529500,0.0
4464,,3529609,0.0
4465,,3529658,0.0
4466,,3529708,0.0
4467,,3529807,0.0
4468,,3530003,0.0
4469,,3529906,0.0
4470,,3530102,0.0
4471,,3530201,0.0
4472,,3530300,0.0
4473,,3530409,0.0
4474,,3530508,0.0
4475,,3530607,0.0
4476,,3530706,0.0
4477,,3530805,0.0
4478,,3530904,0.0
4479,,3531001,0.0
4480,,3531100,0.0
4481,,3531209,0.0
4482,,3531308,0.0
4483,,3531407,0.0
4484,,3531506,0.0
4485,,3531605,0.0
4486,,3531803,0.0
4487,,3531704,0.0
4488,,3531902,0.0
4489,2019.0,3532009,1.0
4490,,3532058,0.0
4491,,3532108,0.0
4492,,3532157,0.0
4493,,3532207,0.0
4494,,3532306,0.0
4495,,3532405,0.0
4496,,3532504,0.0
4497,,3532603,0.0
4498,,3532702,0.0
4499,,3532801,0.0
4500,,3532827,0.0
4501,,3532843,0.0
4502,,3532868,0.0
4503,,3532900,0.0
4504,,3533007,0.0
4505,,3533106,0.0
4506,,3533205,0.0
4507,,3533304,0.0
4508,,3533403,0.0
4509,,3533254,0.0
4510,,3533502,0.0
4511,,3533601,0.0
4512,,3533700,0.0
4513,,3533809,0.0
4514,,3533908,0.0
4515,,3534005,0.0
4516,,3534104,0.0
4517,,3534203,0.0
4518,,3534302,0.0
4519,,3534401,0.0
4520,,3534500,0.0
4521,,3534609,0.0
4522,,3534708,0.0
4523,,3534807,0.0
4524,,3534757,0.0
4525,,3534906,0.0
4526,,3535002,0.0
4527,,3535101,0.0
4528,,3535200,0.0
4529,,3535309,0.0
4530,,3535408,0.0
4531,,3535507,0.0
4532,,3535606,0.0
4533,,3535705,0.0
4534,,3535804,0.0
4535,,3535903,0.0
4536,,3536000,0.0
4537,,3536109,0.0
4538,,3536208,0.0
4539,,3536257,0.0
4540,,3536307,0.0
4541,,3536406,0.0
4542,,3536505,0.0
4543,,3536570,0.0
4544,,3536604,0.0
4545,,3536703,0.0
4546,,3536802,0.0
4547,,3536901,0.0
4548,,3537008,0.0
4549,,3537107,0.0
4550,,3537156,0.0
4551,,3537206,0.0
4552,,3537305,0.0
4553,,3537404,0.0
4554,,3537503,0.0
4555,,3537602,0.0
4556,,3537701,0.0
4557,,3537800,0.0
4558,,3537909,0.0
4559,,3538006,0.0
4560,,3538105,0.0
4561,,3538204,0.0
4562,,3538303,0.0
4563,,3538501,0.0
4564,,3538600,0.0
4565,,3538709,0.0
4566,,3538808,0.0
4567,,3538907,0.0
4568,,3539004,0.0
4569,2020.0,3539103,1.0
4570,,3539202,0.0
4571,,3539301,0.0
4572,,3539400,0.0
4573,,3539509,0.0
4574,,3539608,0.0
4575,,3539707,0.0
4576,,3539806,0.0
4577,,3539905,0.0
4578,,3540002,0.0
4579,,3540101,0.0
4580,,3540200,0.0
4581,,3540259,0.0
4582,,3540309,0.0
4583,,3540408,0.0
4584,,3540507,0.0
4585,,3540606,0.0
4586,,3540705,0.0
4587,,3540754,0.0
4588,1998.0,3540804,1.0
4589,,3540853,0.0
4590,,3540903,0.0
4591,,3541000,0.0
4592,,3541059,0.0
4593,,3541109,0.0
4594,,3541208,0.0
4595,,3541307,0.0
4596,,3541406,0.0
4597,,3541505,0.0
4598,,3541604,0.0
4599,,3541653,0.0
4600,,3541703,0.0
4601,,3541802,0.0
4602,,3541901,0.0
4603,,3542008,0.0
4604,,3542107,0.0
4605,,3542206,0.0
4606,,3542305,0.0
4607,,3542404,0.0
4608,,3542503,0.0
4609,,3542602,0.0
4610,,3542701,0.0
4611,,3542800,0.0
4612,,3542909,0.0
4613,,3543006,0.0
4614,,3543105,0.0
4615,,3543204,0.0
4616,,3543238,0.0
4617,,3543253,0.0
4618,,3543303,0.0
4619,,3543402,0.0
4620,,3543600,0.0
4621,,3543709,0.0
4622,,3543808,0.0
4623,,3543907,0.0
4624,,3544004,0.0
4625,,3544103,0.0
4626,,3544202,0.0
4627,,3543501,0.0
4628,,3544251,0.0
4629,,3544301,0.0
4630,,3544400,0.0
4631,,3544509,0.0
4632,,3544608,0.0
4633,,3544707,0.0
4634,,3544806,0.0
4635,,3544905,0.0
4636,,3545001,0.0
4637,,3545100,0.0
4638,,3545159,0.0
4639,,3545209,0.0
4640,,3545308,0.0
4641,,3545407,0.0
4642,,3545506,0.0
4643,,3545605,0.0
4644,,3545704,0.0
4645,,3545803,0.0
4646,,3546009,0.0
4647,,3546108,0.0
4648,,3546207,0.0
4649,,3546256,0.0
4650,,3546306,0.0
4651,,3546405,0.0
4652,,3546504,0.0
4653,,3546603,0.0
4654,,3546702,0.0
4655,,3546801,0.0
4656,,3546900,0.0
4657,,3547007,0.0
4658,,3547106,0.0
4659,,3547403,0.0
4660,,3547502,0.0
4661,,3547601,0.0
4662,,3547650,0.0
4663,,3547205,0.0
4664,,3547304,0.0
4665,,3547700,0.0
4666,,3547809,0.0
4667,,3547908,0.0
4668,,3548005,0.0
4669,,3548054,0.0
4670,,3548104,0.0
4671,,3548203,0.0
4672,,3548302,0.0
4673,,3548401,0.0
4674,,3548500,0.0
4675,,3548609,0.0
4676,,3548708,0.0
4677,,3548807,0.0
4678,,3548906,0.0
4679,,3549003,0.0
4680,,3549102,0.0
4681,,3549201,0.0
4682,,3549250,0.0
4683,,3549300,0.0
4684,,3549409,0.0
4685,,3549508,0.0
4686,,3549607,0.0
4687,,3549706,0.0
4688,,3549805,0.0
4689,,3549904,0.0
4690,2021.0,3549953,1.0
4691,,3550001,0.0
4692,,3550100,0.0
4693,,3550209,0.0
4694,,3550308,0.0
4695,,3550407,0.0
4696,,3550506,0.0
4697,,3550605,0.0
4698,,3550704,0.0
4699,,3550803,0.0
4700,,3550902,0.0
4701,,3551009,0.0
4702,,3551108,0.0
4703,,3551207,0.0
4704,,3551306,0.0
4705,,3551405,0.0
4706,,3551603,0.0
4707,,3551504,0.0
4708,,3551702,0.0
4709,,3551801,0.0
4710,,3551900,0.0
4711,,3552007,0.0
4712,,3552106,0.0
4713,,3552205,0.0
4714,,3552304,0.0
4715,,3552403,0.0
4716,,3552551,0.0
4717,,3552502,0.0
4718,,3552601,0.0
4719,,3552700,0.0
4720,,3552809,0.0
4721,,3552908,0.0
4722,,3553005,0.0
4723,,3553104,0.0
4724,,3553203,0.0
4725,2022.0,3553302,1.0
4726,,3553401,0.0
4727,,3553500,0.0
4728,,3553609,0.0
4729,,3553658,0.0
4730,,3553708,0.0
4731,,3553807,0.0
4732,,3553856,0.0
4733,,3553906,0.0
4734,,3553955,0.0
4735,,3554003,0.0
4736,,3554102,0.0
4737,,3554201,0.0
4738,,3554300,0.0
4739,,3554409,0.0
4740,,3554508,0.0
4741,,3554607,0.0
4742,,3554656,0.0
4743,,3554706,0.0
4744,,3554755,0.0
4745,,3554805,0.0
4746,,3554904,0.0
4747,,3554953,0.0
4748,,3555000,0.0
4749,,3555109,0.0
4750,,3555208,0.0
4751,,3555307,0.0
4752,,3555356,0.0
4753,,3555406,0.0
4754,,3555505,0.0
4755,,3555604,0.0
4756,,3555703,0.0
4757,,3555802,0.0
4758,,3555901,0.0
4759,,3556008,0.0
4760,,3556107,0.0
4761,,3556206,0.0
4762,,3556305,0.0
4763,,3556354,0.0
4764,,3556404,0.0
4765,2019.0,3556453,1.0
4766,,3556503,0.0
4767,,3556602,0.0
4768,,3556701,0.0
4769,,3556800,0.0
4770,,3556909,0.0
4771,,3556958,0.0
4772,,3557006,0.0
4773,,3557105,0.0
4774,,3557154,0.0
4775,,3200102,0.0
4776,,3200169,0.0
4777,,3200136,0.0
4778,,3200201,0.0
4779,,3200300,0.0
4780,,3200359,0.0
4781,,3200409,0.0
4782,,3200508,0.0
4783,,3200607,0.0
4784,,3200706,0.0
4785,,3200805,0.0
4786,,3200904,0.0
4787,,3201001,0.0
4788,,3201100,0.0
4789,,3201159,0.0
4790,,3201209,0.0
4791,,3201308,0.0
4792,,3201407,0.0
4793,,3201506,0.0
4794,,3201605,0.0
4795,,3201704,0.0
4796,,3201803,0.0
4797,,3201902,0.0
4798,,3202009,0.0
4799,,3202108,0.0
4800,,3202207,0.0
4801,,3202256,0.0
4802,,3202306,0.0
4803,,3202405,0.0
4804,,3202454,0.0
4805,,3202504,0.0
4806,,3202553,0.0
4807,,3202603,0.0
4808,,3202652,0.0
4809,,3202702,0.0
4810,,3202801,0.0
4811,,3202900,0.0
4812,,3203007,0.0
4813,,3203056,0.0
4814,,3203106,0.0
4815,,3203130,0.0
4816,,3203163,0.0
4817,,3203205,0.0
4818,,3203304,0.0
4819,,3203320,0.0
4820,,3203346,0.0
4821,,3203353,0.0
4822,,3203403,0.0
4823,,3203502,0.0
4824,,3203601,0.0
4825,,3203700,0.0
4826,,3203809,0.0
4827,,3203908,0.0
4828,,3204005,0.0
4829,,3204054,0.0
4830,,3204104,0.0
4831,,3204203,0.0
4832,,3204252,0.0
4833,,3204302,0.0
4834,,3204351,0.0
4835,,3204401,0.0
4836,,3204500,0.0
4837,,3204559,0.0
4838,,3204609,0.0
4839,,3204658,0.0
4840,,3204708,0.0
4841,,3204807,0.0
4842,,3204906,0.0
4843,,3204955,0.0
4844,,3205002,0.0
4845,,3205010,0.0
4846,,3205036,0.0
4847,,3205069,0.0
4848,,3205101,0.0
4849,,3205150,0.0
4850,,3205176,0.0
4851,,3205200,0.0
4852,,3205309,0.0
4853,,2500106,0.0
4854,,2500205,0.0
4855,,2500304,0.0
4856,,2500403,0.0
4857,,2500502,0.0
4858,,2500536,0.0
4859,,2500577,0.0
4860,,2500601,0.0
4861,,2500734,0.0
4862,,2500775,0.0
4863,,2500809,0.0
4864,,2500908,0.0
4865,,2501005,0.0
4866,,2501104,0.0
4867,,2501153,0.0
4868,,2501203,0.0
4869,,2501302,0.0
4870,,2501351,0.0
4871,,2501401,0.0
4872,,2501500,0.0
4873,,2501534,0.0
4874,,2501609,0.0
4875,,2501575,0.0
4876,,2501708,0.0
4877,,2501807,0.0
4878,,2501906,0.0
4879,,2502003,0.0
4880,,2502052,0.0
4881,,2502102,0.0
4882,,2502151,0.0
4883,,2502201,0.0
4884,,2502300,0.0
4885,,2502409,0.0
4886,,2502508,0.0
4887,,2502706,0.0
4888,,2502805,0.0
4889,,2502904,0.0
4890,,2503001,0.0
4891,,2503100,0.0
4892,,2503209,0.0
4893,,2503308,0.0
4894,,2503407,0.0
4895,,2503506,0.0
4896,,2503555,0.0
4897,,2503605,0.0
4898,,2503704,0.0
4899,,2503753,0.0
4900,,2503803,0.0
4901,,2503902,0.0
4902,,2504009,0.0
4903,,2504033,0.0
4904,,2504074,0.0
4905,,2504108,0.0
4906,,2504157,0.0
4907,,2504207,0.0
4908,,2504306,0.0
4909,,2504355,0.0
4910,,2504405,0.0
4911,,2504504,0.0
4912,,2504603,0.0
4913,,2504702,0.0
4914,,2504801,0.0
4915,,2504850,0.0
4916,,2504900,0.0
4917,,2505006,0.0
4918,,2505105,0.0
4919,,2505238,0.0
4920,,2505204,0.0
4921,,2505279,0.0
4922,,2505303,0.0
4923,,2505352,0.0
4924,,2505402,0.0
4925,,2505600,0.0
4926,,2505709,0.0
4927,,2505808,0.0
4928,,2505907,0.0
4929,,2506004,0.0
4930,,2506103,0.0
4931,,2506202,0.0
4932,,2506251,0.0
4933,,2506301,0.0
4934,,2506400,0.0
4935,,2506509,0.0
4936,,2506608,0.0
4937,,2502607,0.0
4938,,2506707,0.0
4939,,2506806,0.0
4940,,2506905,0.0
4941,,2507002,0.0
4942,,2507101,0.0
4943,,2507200,0.0
4944,,2507309,0.0
4945,,2507408,0.0
4946,,2507507,0.0
4947,,2513653,0.0
4948,,2507606,0.0
4949,,2507705,0.0
4950,,2507804,0.0
4951,,2507903,0.0
4952,,2508000,0.0
4953,,2508109,0.0
4954,,2508208,0.0
4955,,2508307,0.0
4956,,2508406,0.0
4957,,2508505,0.0
4958,,2508554,0.0
4959,,2508604,0.0
4960,,2508703,0.0
4961,,2508802,0.0
4962,,2508901,0.0
4963,,2509008,0.0
4964,,2509057,0.0
4965,,2509107,0.0
4966,,2509156,0.0
4967,,2509206,0.0
4968,,2509305,0.0
4969,,2509339,0.0
4970,,2509370,0.0
4971,,2509396,0.0
4972,,2509404,0.0
4973,,2509503,0.0
4974,,2509602,0.0
4975,,2509701,0.0
4976,,2509800,0.0
4977,,2509909,0.0
4978,,2510006,0.0
4979,,2510105,0.0
4980,,2510204,0.0
4981,,2510303,0.0
4982,,2510402,0.0
4983,,2510501,0.0
4984,,2510600,0.0
4985,,2510659,0.0
4986,,2510709,0.0
4987,,2510808,0.0
4988,,2510907,0.0
4989,,2511004,0.0
4990,,2511103,0.0
4991,,2511202,0.0
4992,,2512721,0.0
4993,,2511301,0.0
4994,,2511400,0.0
4995,,2511509,0.0
4996,,2511608,0.0
4997,,2511707,0.0
4998,,2511806,0.0
4999,,2511905,0.0
5000,,2512002,0.0
5001,,2512036,0.0
5002,,2512077,0.0
5003,,2512101,0.0
5004,,2512200,0.0
5005,,2512309,0.0
5006,,2512408,0.0
5007,,2512507,0.0
5008,,2512606,0.0
5009,,2512705,0.0
5010,,2512747,0.0
5011,,2512754,0.0
5012,,2512762,0.0
5013,,2512788,0.0
5014,,2512804,0.0
5015,,2512903,0.0
5016,,2513000,0.0
5017,,2513109,0.0
5018,,2513158,0.0
5019,,2513208,0.0
5020,,2513307,0.0
5021,,2513356,0.0
5022,,2513406,0.0
5023,,2513703,0.0
5024,,2513802,0.0
5025,,2513505,0.0
5026,,2513604,0.0
5027,,2513851,0.0
5028,,2513927,0.0
5029,,2513901,0.0
5030,,2513968,0.0
5031,,2513943,0.0
5032,,2513984,0.0
5033,,2514008,0.0
5034,,2500700,0.0
5035,,2514107,0.0
5036,,2514206,0.0
5037,,2514305,0.0
5038,,2514404,0.0
5039,,2514503,0.0
5040,,2514552,0.0
5041,,2514602,0.0
5042,,2514651,0.0
5043,,2514701,0.0
5044,,2514800,0.0
5045,,2514453,0.0
5046,,2514909,0.0
5047,,2515005,0.0
5048,,2515104,0.0
5049,,2515203,0.0
5050,,2515401,0.0
5051,,2515302,0.0
5052,,2515500,0.0
5053,,2515609,0.0
5054,,2515708,0.0
5055,,2515807,0.0
5056,,2515906,0.0
5057,,2515930,0.0
5058,,2515971,0.0
5059,,2516003,0.0
5060,,2516102,0.0
5061,,2516151,0.0
5062,,2516201,0.0
5063,,2516300,0.0
5064,,2516409,0.0
5065,,2516508,0.0
5066,,2516607,0.0
5067,,2516706,0.0
5068,,2516755,0.0
5069,,2516805,0.0
5070,,2516904,0.0
5071,,2517001,0.0
5072,,2517100,0.0
5073,,2517209,0.0
5074,,2505501,0.0
5075,,2517407,0.0
5076,,2700102,0.0
5077,,2700201,0.0
5078,,2700300,0.0
5079,,2700409,0.0
5080,,2700508,0.0
5081,,2700607,0.0
5082,,2700706,0.0
5083,,2700805,0.0
5084,,2700904,0.0
5085,,2701001,0.0
5086,,2701100,0.0
5087,,2701209,0.0
5088,,2701308,0.0
5089,,2701357,0.0
5090,,2701407,0.0
5091,,2701506,0.0
5092,,2701605,0.0
5093,,2701704,0.0
5094,,2701803,0.0
5095,,2701902,0.0
5096,,2702009,0.0
5097,,2702108,0.0
5098,,2702207,0.0
5099,,2702306,0.0
5100,,2702355,0.0
5101,,2702405,0.0
5102,,2702504,0.0
5103,,2702553,0.0
5104,,2702603,0.0
5105,,2702702,0.0
5106,,2702801,0.0
5107,,2702900,0.0
5108,,2703007,0.0
5109,,2703106,0.0
5110,,2703205,0.0
5111,,2703304,0.0
5112,,2703403,0.0
5113,,2703502,0.0
5114,,2703601,0.0
5115,,2703700,0.0
5116,,2703759,0.0
5117,,2703809,0.0
5118,,2703908,0.0
5119,,2704005,0.0
5120,,2704104,0.0
5121,,2704203,0.0
5122,,2704302,0.0
5123,,2704401,0.0
5124,,2704906,0.0
5125,,2704500,0.0
5126,,2704609,0.0
5127,,2704708,0.0
5128,,2704807,0.0
5129,,2705002,0.0
5130,,2705101,0.0
5131,,2705200,0.0
5132,,2705309,0.0
5133,,2705408,0.0
5134,,2705507,0.0
5135,,2705606,0.0
5136,,2705705,0.0
5137,,2705804,0.0
5138,,2705903,0.0
5139,,2706000,0.0
5140,,2706109,0.0
5141,,2706208,0.0
5142,,2706307,0.0
5143,,2706406,0.0
5144,,2706422,0.0
5145,,2706448,0.0
5146,,2706505,0.0
5147,,2706604,0.0
5148,,2706703,0.0
5149,,2706802,0.0
5150,,2706901,0.0
5151,,2707008,0.0
5152,,2707107,0.0
5153,,2707206,0.0
5154,,2707305,0.0
5155,,2707404,0.0
5156,,2707503,0.0
5157,,2707602,0.0
5158,,2707701,0.0
5159,,2707800,0.0
5160,,2707909,0.0
5161,,2708006,0.0
5162,,2708105,0.0
5163,,2708204,0.0
5164,,2708303,0.0
5165,,2708402,0.0
5166,,2708501,0.0
5167,,2708600,0.0
5168,,2708709,0.0
5169,,2708808,0.0
5170,,2708907,0.0
5171,,2708956,0.0
5172,,2709004,0.0
5173,,2709103,0.0
5174,,2709152,0.0
5175,,2709202,0.0
5176,,2709301,0.0
5177,,2709400,0.0
5178,,5000203,0.0
5179,,5000252,0.0
5180,,5000609,0.0
5181,,5000708,0.0
5182,,5000807,0.0
5183,,5000856,0.0
5184,,5000906,0.0
5185,,5001003,0.0
5186,,5001102,0.0
5187,,5001243,0.0
5188,,5001508,0.0
5189,,5001904,0.0
5190,,5002001,0.0
5191,,5002100,0.0
5192,,5002159,0.0
5193,,5002209,0.0
5194,,5002308,0.0
5195,,5002407,0.0
5196,,5002605,0.0
5197,,5002704,0.0
5198,,5002803,0.0
5199,,5002902,0.0
5200,,5002951,0.0
5201,,5003108,0.0
5202,,5003157,0.0
5203,,5003207,0.0
5204,,5003256,0.0
5205,,5003306,0.0
5206,,5003454,0.0
5207,,5003488,0.0
5208,,5003504,0.0
5209,,5003702,0.0
5210,,5003751,0.0
5211,,5003801,0.0
5212,,5003900,0.0
5213,,5004007,0.0
5214,,5004106,0.0
5215,,5004304,0.0
5216,,5004403,0.0
5217,,5004502,0.0
5218,,5004601,0.0
5219,,5004700,0.0
5220,,5004809,0.0
5221,,5004908,0.0
5222,,5005004,0.0
5223,,5005103,0.0
5224,,5005152,0.0
5225,,5005202,0.0
5226,,5005251,0.0
5227,,5005400,0.0
5228,,5005608,0.0
5229,,5005681,0.0
5230,,5005707,0.0
5231,,5005806,0.0
5232,,5006002,0.0
5233,,5006200,0.0
5234,,5006259,0.0
5235,,5006275,0.0
5236,,5006309,0.0
5237,,5006358,0.0
5238,,5006408,0.0
5239,,5006606,0.0
5240,,5006903,0.0
5241,,5007109,0.0
5242,,5007208,0.0
5243,,5007307,0.0
5244,,5007406,0.0
5245,,5007505,0.0
5246,,5007554,0.0
5247,,5007695,0.0
5248,,5007802,0.0
5249,,5007703,0.0
5250,,5007901,0.0
5251,,5007935,0.0
5252,,5007950,0.0
5253,,5007976,0.0
5254,,5008008,0.0
5255,,5008305,0.0
5256,,5008404,0.0
5257,,1100015,0.0
5258,,1100379,0.0
5259,,1100403,0.0
5260,,1100346,0.0
5261,,1100023,0.0
5262,,1100452,0.0
5263,,1100031,0.0
5264,,1100601,0.0
5265,,1100049,0.0
5266,,1100700,0.0
5267,,1100809,0.0
5268,,1100908,0.0
5269,,1100056,0.0
5270,,1100924,0.0
5271,,1100064,0.0
5272,,1100072,0.0
5273,,1100080,0.0
5274,,1100940,0.0
5275,,1100098,0.0
5276,,1101005,0.0
5277,,1100106,0.0
5278,,1101104,0.0
5279,,1100114,0.0
5280,,1100122,0.0
5281,,1100130,0.0
5282,,1101203,0.0
5283,,1101302,0.0
5284,,1101401,0.0
5285,,1100148,0.0
5286,,1100338,0.0
5287,,1101435,0.0
5288,,1100502,0.0
5289,,1100155,0.0
5290,,1101450,0.0
5291,,1100189,0.0
5292,,1101468,0.0
5293,,1100205,0.0
5294,,1100254,0.0
5295,,1101476,0.0
5296,,1100262,0.0
5297,,1100288,0.0
5298,,1100296,0.0
5299,,1101484,0.0
5300,,1101492,0.0
5301,,1100320,0.0
5302,,1101500,0.0
5303,,1101559,0.0
5304,,1101609,0.0
5305,,1101708,0.0
5306,,1101757,0.0
5307,,1101807,0.0
5308,,1100304,0.0
5309,,1400050,0.0
5310,,1400027,0.0
5311,,1400100,0.0
5312,,1400159,0.0
5313,,1400175,0.0
5314,,1400209,0.0
5315,,1400233,0.0
5316,,1400282,0.0
5317,,1400308,0.0
5318,,1400407,0.0
5319,,1400456,0.0
5320,,1400472,0.0
5321,,1400506,0.0
5322,,1400605,0.0
5323,,1400704,0.0
5324,,1300029,0.0
5325,,1300060,0.0
5326,,1300086,0.0
5327,,1300102,0.0
5328,,1300144,0.0
5329,,1300201,0.0
5330,,1300300,0.0
5331,,1300409,0.0
5332,,1300508,0.0
5333,,1300607,0.0
5334,,1300631,0.0
5335,,1300680,0.0
5336,,1300706,0.0
5337,,1300805,0.0
5338,,1300839,0.0
5339,,1300904,0.0
5340,,1301001,0.0
5341,,1301100,0.0
5342,,1301159,0.0
5343,,1301209,0.0
5344,,1301308,0.0
5345,,1301407,0.0
5346,,1301506,0.0
5347,,1301605,0.0
5348,,1301654,0.0
5349,,1301704,0.0
5350,,1301803,0.0
5351,,1301852,0.0
5352,,1301902,0.0
5353,,1301951,0.0
5354,,1302009,0.0
5355,,1302108,0.0
5356,,1302207,0.0
5357,,1302306,0.0
5358,,1302405,0.0
5359,,1302504,0.0
5360,,1302553,0.0
5361,,1302603,0.0
5362,,1302702,0.0
5363,,1302801,0.0
5364,,1302900,0.0
5365,,1303007,0.0
5366,,1303106,0.0
5367,,1303205,0.0
5368,,1303304,0.0
5369,,1303403,0.0
5370,,1303502,0.0
5371,,1303536,0.0
5372,,1303569,0.0
5373,,1303601,0.0
5374,,1303700,0.0
5375,,1303809,0.0
5376,,1303908,0.0
5377,,1303957,0.0
5378,,1304005,0.0
5379,,1304062,0.0
5380,,1304104,0.0
5381,,1304203,0.0
5382,,1304237,0.0
5383,,1304260,0.0
5384,,1304302,0.0
5385,,1304401,0.0
5386,,1600105,0.0
5387,,1600204,0.0
5388,,1600212,0.0
5389,,1600238,0.0
5390,,1600253,0.0
5391,,1600279,0.0
5392,,1600303,0.0
5393,,1600402,0.0
5394,,1600501,0.0
5395,,1600154,0.0
5396,,1600535,0.0
5397,,1600550,0.0
5398,,1600600,0.0
5399,,1600055,0.0
5400,,1600709,0.0
5401,,1600808,0.0
5402,,2800100,0.0
5403,,2800209,0.0
5404,,2800308,0.0
5405,,2800407,0.0
5406,,2800506,0.0
5407,,2800605,0.0
5408,,2800670,0.0
5409,,2800704,0.0
5410,,2801009,0.0
5411,,2801108,0.0
5412,,2801207,0.0
5413,,2801306,0.0
5414,,2801405,0.0
5415,,2801504,0.0
5416,,2801603,0.0
5417,,2801702,0.0
5418,,2801900,0.0
5419,,2802007,0.0
5420,,2802106,0.0
5421,,2802205,0.0
5422,,2802304,0.0
5423,,2802403,0.0
5424,,2802502,0.0
5425,,2802601,0.0
5426,,2802700,0.0
5427,,2802809,0.0
5428,,2802908,0.0
5429,,2803005,0.0
5430,,2803104,0.0
5431,,2803203,0.0
5432,,2803302,0.0
5433,,2803401,0.0
5434,,2803500,0.0
5435,,2803609,0.0
5436,,2803708,0.0
5437,,2803807,0.0
5438,,2803906,0.0
5439,,2804003,0.0
5440,,2804102,0.0
5441,,2804201,0.0
5442,,2804300,0.0
5443,,2804409,0.0
5444,,2804458,0.0
5445,,2804508,0.0
5446,,2804607,0.0
5447,,2804706,0.0
5448,,2804805,0.0
5449,,2804904,0.0
5450,,2805000,0.0
5451,,2805109,0.0
5452,,2805208,0.0
5453,,2805307,0.0
5454,,2805406,0.0
5455,,2805505,0.0
5456,,2805604,0.0
5457,,2805703,0.0
5458,,2805802,0.0
5459,,2805901,0.0
5460,,2806008,0.0
5461,,2806107,0.0
5462,,2806206,0.0
5463,,2806305,0.0
5464,,2806503,0.0
5465,,2806404,0.0
5466,,2806602,0.0
5467,,2806701,0.0
5468,,2806800,0.0
5469,,2806909,0.0
5470,,2807006,0.0
5471,,2807105,0.0
5472,,2807204,0.0
5473,,2807303,0.0
5474,,2807402,0.0
5475,,2807501,0.0
5476,,2807600,0.0
5477,,3300100,0.0
5478,,3300159,0.0
5479,,3300209,0.0
5480,,3300225,0.0
5481,,3300233,0.0
5482,,3300258,0.0
5483,,3300308,0.0
5484,,3300407,0.0
5485,,3300456,0.0
5486,,3300506,0.0
5487,,3300605,0.0
5488,,3300704,0.0
5489,,3300803,0.0
5490,,3300902,0.0
5491,,3301009,0.0
5492,,3301108,0.0
5493,,3300936,0.0
5494,,3301157,0.0
5495,,3301207,0.0
5496,,3301306,0.0
5497,,3300951,0.0
5498,,3301405,0.0
5499,,3301504,0.0
5500,,3301603,0.0
5501,,3301702,0.0
5502,,3301801,0.0
5503,,3301850,0.0
5504,,3301876,0.0
5505,,3301900,0.0
5506,,3302007,0.0
5507,,3302056,0.0
5508,,3302106,0.0
5509,,3302205,0.0
5510,,3302254,0.0
5511,,3302270,0.0
5512,,3302304,0.0
5513,,3302403,0.0
5514,,3302452,0.0
5515,,3302502,0.0
5516,,3302601,0.0
5517,2013.0,3302700,1.0
5518,,3302809,0.0
5519,,3302858,0.0
5520,,3302908,0.0
5521,,3303005,0.0
5522,,3303104,0.0
5523,,3303203,0.0
5524,,3303302,0.0
5525,,3303401,0.0
5526,,3303500,0.0
5527,,3303609,0.0
5528,,3303708,0.0
5529,,3303807,0.0
5530,,3303856,0.0
5531,,3303906,0.0
5532,,3303955,0.0
5533,,3304003,0.0
5534,,3304102,0.0
5535,,3304110,0.0
5536,,3304128,0.0
5537,,3304144,0.0
5538,,3304151,0.0
5539,,3304201,0.0
5540,,3304300,0.0
5541,,3304409,0.0
5542,,3304508,0.0
5543,,3304524,0.0
5544,,3304557,0.0
5545,,3304607,0.0
5546,,3304706,0.0
5547,,3304805,0.0
5548,,3304755,0.0
5549,,3304904,0.0
5550,2018.0,3305000,1.0
5551,,3305109,0.0
5552,,3305133,0.0
5553,,3305158,0.0
5554,,3305208,0.0
5555,,3305307,0.0
5556,,3305406,0.0
5557,,3305505,0.0
5558,,3305554,0.0
5559,2014.0,3305604,1.0
5560,,3305703,0.0
5561,2021.0,3305752,1.0
5562,,3305802,0.0
5563,,3305901,0.0
5564,,3306008,0.0
5565,,3306107,0.0
5566,,3306156,0.0
5567,,3306206,0.0
5568,,3306305,0.0
5569,,5300108,0.0
